0,0.0,0.0,-0.21981424148606812,0.0,-0.38080495356037153,-0.1393188854489164,-0.47987616099071206,-0.3498452012383901,-0.5820433436532507,-0.5201238390092879,-0.18885448916408668,-0.39009287925696595,-0.25386996904024767,-0.6408668730650154,-0.29102167182662536,-0.7987616099071208,-0.30959752321981426,-0.9195046439628483,0.0030959752321981426,-0.39628482972136225,0.0030959752321981426,-0.6904024767801857,-0.0030959752321981426,-0.8637770897832817,-0.006191950464396285,-1.0,0.16408668730650156,-0.35294117647058826,0.18885448916408668,-0.6222910216718266,0.19504643962848298,-0.7770897832817337,0.18885448916408668,-0.8978328173374613,0.3065015479876161,-0.2724458204334365,0.3560371517027864,-0.47678018575851394,0.38390092879256965,-0.5944272445820433,0.39628482972136225,-0.6904024767801857,0.0,0.0,0.0,0.0,0.0,0.0,0.0,0.0,0.0,0.0,0.0,0.0,0.0,0.0,0.0,0.0,0.0,0.0,0.0,0.0,0.0,0.0,0.0,0.0,0.0,0.0,0.0,0.0,0.0,0.0,0.0,0.0,0.0,0.0,0.0,0.0,0.0,0.0,0.0,0.0,0.0,0.0
0,0.0,0.0,0.0,0.0,0.0,0.0,0.0,0.0,0.0,0.0,0.0,0.0,0.0,0.0,0.0,0.0,0.0,0.0,0.0,0.0,0.0,0.0,0.0,0.0,0.0,0.0,0.0,0.0,0.0,0.0,0.0,0.0,0.0,0.0,0.0,0.0,0.0,0.0,0.0,0.0,0.0,0.0,0.9513358778625954,0.6860687022900763,0.8616412213740458,0.6278625954198473,0.8129770992366412,0.5524809160305344,0.7853053435114504,0.491412213740458,0.7547709923664122,0.45038167938931295,0.8625954198473282,0.48854961832061067,0.8425572519083969,0.41889312977099236,0.8291984732824428,0.37309160305343514,0.8196564885496184,0.3291984732824427,0.9064885496183206,0.4780534351145038,0.898854961832061,0.4036259541984733,0.8931297709923665,0.34923664122137404,0.8883587786259542,0.3015267175572519,0.9484732824427481,0.48377862595419846,0.9456106870229007,0.4150763358778626,0.9408396946564885,0.3654580152671756,0.9351145038167938,0.32061068702290074,0.9923664122137404,0.5038167938931297,1.0,0.44561068702290074,1.0,0.4064885496183206,1.0,0.36927480916030536
0,0.0,0.0,0.0,0.0,0.0,0.0,0.0,0.0,0.0,0.0,0.0,0.0,0.0,0.0,0.0,0.0,0.0,0.0,0.0,0.0,0.0,0.0,0.0,0.0,0.0,0.0,0.0,0.0,0.0,0.0,0.0,0.0,0.0,0.0,0.0,0.0,0.0,0.0,0.0,0.0,0.0,0.0,0.9684106614017769,0.6554787759131293,0.8845014807502468,0.6011846001974334,0.8351431391905232,0.5370187561697927,0.807502467917078,0.47877591312931883,0.7769002961500494,0.4353405725567621,0.87857847976308,0.45409674234945707,0.8548864758144127,0.384995064165844,0.8390918065153011,0.3435340572556762,0.8262586377097729,0.3040473840078973,0.9190523198420533,0.4422507403751234,0.9062191510365252,0.36426456071076013,0.8933859822309971,0.3149062191510365,0.8815399802566634,0.2714708785784798,0.9585389930898321,0.4461994076999013,0.9516288252714709,0.3721618953603159,0.9417571569595261,0.32576505429417574,0.9299111549851925,0.2843040473840079,1.0,0.46396841066140176,0.9990128331688055,0.403751233958539,0.9950641658440277,0.36525172754195456,0.9891411648568608,0.32773938795656465
0,0.0,0.0,0.0,0.0,0.0,0.0,0.0,0.0,0.0,0.0,0.0,0.0,0.0,0.0,0.0,0.0,0.0,0.0,0.0,0.0,0.0,0.0,0.0,0.0,0.0,0.0,0.0,0.0,0.0,0.0,0.0,0.0,0.0,0.0,0.0,0.0,0.0,0.0,0.0,0.0,0.0,0.0,0.9639278557114228,0.6182364729458918,0.8877755511022044,0.5771543086172345,0.8406813627254509,0.5230460921843687,0.8166332665330661,0.4709418837675351,0.7905811623246493,0.42985971943887774,0.8827655310621243,0.43687374749499,0.8597194388777555,0.3717434869739479,0.842685370741483,0.3346693386773547,0.8296593186372746,0.2985971943887776,0.9218436873747495,0.42685370741482964,0.905811623246493,0.34769539078156314,0.8937875751503006,0.3026052104208417,0.8847695390781564,0.2625250501002004,0.9589178356713427,0.4308617234468938,0.9498997995991983,0.3557114228456914,0.938877755511022,0.312625250501002,0.9268537074148296,0.2745490981963928,1.0,0.44589178356713427,0.996993987975952,0.3867735470941884,0.9889779559118237,0.3486973947895792,0.9799599198396793,0.312625250501002
0,0.0,0.0,0.0,0.0,0.0,0.0,0.0,0.0,0.0,0.0,0.0,0.0,0.0,0.0,0.0,0.0,0.0,0.0,0.0,0.0,0.0,0.0,0.0,0.0,0.0,0.0,0.0,0.0,0.0,0.0,0.0,0.0,0.0,0.0,0.0,0.0,0.0,0.0,0.0,0.0,0.0,0.0,0.9667338709677419,0.59375,0.8941532258064516,0.5655241935483871,0.8457661290322581,0.5161290322580645,0.8205645161290323,0.46975806451612906,0.7983870967741935,0.43044354838709675,0.8840725806451613,0.43548387096774194,0.8618951612903226,0.3719758064516129,0.8467741935483871,0.3346774193548387,0.8316532258064516,0.3004032258064516,0.9223790322580645,0.42439516129032256,0.9082661290322581,0.35080645161290325,0.8981854838709677,0.30544354838709675,0.8891129032258065,0.2661290322580645,0.9596774193548387,0.4264112903225806,0.9495967741935484,0.35685483870967744,0.9395161290322581,0.31451612903225806,0.9274193548387096,0.2762096774193548,1.0,0.43951612903225806,0.9979838709677419,0.3840725806451613,0.9929435483870968,0.3467741935483871,0.9848790322580645,0.31149193548387094
0,0.0,0.0,0.0,0.0,0.0,0.0,0.0,0.0,0.0,0.0,0.0,0.0,0.0,0.0,0.0,0.0,0.0,0.0,0.0,0.0,0.0,0.0,0.0,0.0,0.0,0.0,0.0,0.0,0.0,0.0,0.0,0.0,0.0,0.0,0.0,0.0,0.0,0.0,0.0,0.0,0.0,0.0,0.9628140703517588,0.5829145728643216,0.8904522613065327,0.5597989949748744,0.84321608040201,0.5115577889447236,0.8190954773869347,0.4653266331658292,0.7979899497487437,0.42613065326633165,0.8844221105527639,0.43517587939698493,0.8633165829145729,0.37286432160804023,0.8492462311557789,0.335678391959799,0.8371859296482412,0.3015075376884422,0.9226130653266331,0.42311557788944726,0.9085427135678392,0.3507537688442211,0.8974874371859296,0.3065326633165829,0.8884422110552764,0.26834170854271355,0.9597989949748744,0.42412060301507537,0.9487437185929648,0.35678391959798994,0.9376884422110553,0.314572864321608,0.9266331658291457,0.27638190954773867,1.0,0.43517587939698493,0.9979899497487437,0.3798994974874372,0.9919597989949749,0.3437185929648241,0.9819095477386934,0.30954773869346736
0,0.0,0.0,0.0,0.0,0.0,0.0,0.0,0.0,0.0,0.0,0.0,0.0,0.0,0.0,0.0,0.0,0.0,0.0,0.0,0.0,0.0,0.0,0.0,0.0,0.0,0.0,0.0,0.0,0.0,0.0,0.0,0.0,0.0,0.0,0.0,0.0,0.0,0.0,0.0,0.0,0.0,0.0,0.9609218436873748,0.5811623246492986,0.8887775551102205,0.561122244488978,0.8406813627254509,0.5130260521042084,0.8186372745490982,0.46693386773547096,0.7975951903807615,0.42985971943887774,0.8827655310621243,0.43687374749499,0.8607214428857716,0.375751503006012,0.845691382765531,0.3376753507014028,0.8346693386773547,0.30360721442885774,0.9208416833667334,0.4248496993987976,0.905811623246493,0.35470941883767537,0.8957915831663327,0.3106212424849699,0.8867735470941884,0.2715430861723447,0.9599198396793587,0.4258517034068136,0.9478957915831663,0.36072144288577157,0.9378757515030061,0.3186372745490982,0.9268537074148296,0.281563126252505,1.0,0.43587174348697394,0.9979959919839679,0.38276553106212424,0.9919839679358717,0.34769539078156314,0.9829659318637275,0.313627254509018
0,0.0,0.0,0.0,0.0,0.0,0.0,0.0,0.0,0.0,0.0,0.0,0.0,0.0,0.0,0.0,0.0,0.0,0.0,0.0,0.0,0.0,0.0,0.0,0.0,0.0,0.0,0.0,0.0,0.0,0.0,0.0,0.0,0.0,0.0,0.0,0.0,0.0,0.0,0.0,0.0,0.0,0.0,0.9609218436873748,0.5831663326653307,0.8897795591182365,0.564128256513026,0.842685370741483,0.5150300601202404,0.8196392785571143,0.46993987975951906,0.7975951903807615,0.43286573146292584,0.8837675350701403,0.43887775551102204,0.8607214428857716,0.3777555110220441,0.8466933867735471,0.3406813627254509,0.8346693386773547,0.3066132264529058,0.9218436873747495,0.42685370741482964,0.906813627254509,0.35771543086172347,0.8957915831663327,0.312625250501002,0.8867735470941884,0.27354709418837675,0.9599198396793587,0.4278557114228457,0.9488977955911824,0.3637274549098196,0.9378757515030061,0.3226452905811623,0.9268537074148296,0.2845691382765531,1.0,0.43987975951903807,0.9979959919839679,0.3867735470941884,0.9919839679358717,0.3517034068136273,0.9829659318637275,0.31763527054108215
0,0.0,0.0,0.0,0.0,0.0,0.0,0.0,0.0,0.0,0.0,0.0,0.0,0.0,0.0,0.0,0.0,0.0,0.0,0.0,0.0,0.0,0.0,0.0,0.0,0.0,0.0,0.0,0.0,0.0,0.0,0.0,0.0,0.0,0.0,0.0,0.0,0.0,0.0,0.0,0.0,0.0,0.0,0.9628886659979939,0.5847542627883651,0.892678034102307,0.5656970912738215,0.8445336008024072,0.5175526579739218,0.8214643931795386,0.47141424272818455,0.7993981945837513,0.43229689067201604,0.8836509528585758,0.440320962888666,0.8615847542627884,0.3791374122367101,0.8465396188565697,0.3420260782347041,0.835506519558676,0.3069207622868606,0.9227683049147443,0.4282848545636911,0.9077231695085256,0.35907723169508526,0.8966900702106319,0.3139418254764293,0.8876629889669007,0.2748244734202608,0.9608826479438315,0.43029087261785354,0.9498495486459378,0.3650952858575727,0.9388164493480441,0.3229689067201605,0.9277833500501504,0.2848545636910732,1.0,0.44232698094282846,0.9979939819458375,0.3881644934804413,0.9909729187562688,0.3530591775325978,0.9819458375125376,0.31995987963891676
0,0.0,0.0,0.0,0.0,0.0,0.0,0.0,0.0,0.0,0.0,0.0,0.0,0.0,0.0,0.0,0.0,0.0,0.0,0.0,0.0,0.0,0.0,0.0,0.0,0.0,0.0,0.0,0.0,0.0,0.0,0.0,0.0,0.0,0.0,0.0,0.0,0.0,0.0,0.0,0.0,0.0,0.0,0.9618473895582329,0.5863453815261044,0.892570281124498,0.5662650602409639,0.8463855421686747,0.5190763052208835,0.822289156626506,0.47289156626506024,0.7981927710843374,0.43373493975903615,0.8845381526104418,0.4407630522088353,0.8624497991967871,0.3795180722891566,0.8473895582329317,0.3413654618473896,0.8353413654618473,0.3072289156626506,0.9236947791164659,0.42971887550200805,0.9086345381526104,0.35943775100401604,0.8975903614457831,0.3142570281124498,0.8875502008032129,0.2751004016064257,0.9608433734939759,0.4307228915662651,0.9497991967871486,0.3654618473895582,0.9387550200803213,0.3232931726907631,0.9267068273092369,0.285140562248996,1.0,0.44176706827309237,0.998995983935743,0.3885542168674699,0.9929718875502008,0.3534136546184739,0.9829317269076305,0.3192771084337349
0,0.0,0.0,0.0,0.0,0.0,0.0,0.0,0.0,0.0,0.0,0.0,0.0,0.0,0.0,0.0,0.0,0.0,0.0,0.0,0.0,0.0,0.0,0.0,0.0,0.0,0.0,0.0,0.0,0.0,0.0,0.0,0.0,0.0,0.0,0.0,0.0,0.0,0.0,0.0,0.0,0.0,0.0,0.9618856569709128,0.5847542627883651,0.8936810431293881,0.567703109327984,0.8455366098294884,0.5195586760280843,0.8224674022066198,0.47342026078234706,0.7993981945837513,0.43430290872617855,0.8846539618856569,0.44132397191574724,0.8615847542627884,0.3801404212637914,0.8465396188565697,0.3430290872617854,0.8345035105315948,0.30792377131394183,0.9237713139418254,0.4292878635907723,0.9077231695085256,0.35907723169508526,0.8966900702106319,0.3149448345035105,0.8876629889669007,0.275827482447342,0.9608826479438315,0.4312938816449348,0.9498495486459378,0.36609829488465395,0.9388164493480441,0.3239719157472417,0.9267803410230692,0.2858575727181545,1.0,0.44232698094282846,0.9979939819458375,0.3891675025075226,0.9919759277833501,0.354062186559679,0.9829488465396189,0.31995987963891676
0,0.0,0.0,0.0,0.0,0.0,0.0,0.0,0.0,0.0,0.0,0.0,0.0,0.0,0.0,0.0,0.0,0.0,0.0,0.0,0.0,0.0,0.0,0.0,0.0,0.0,0.0,0.0,0.0,0.0,0.0,0.0,0.0,0.0,0.0,0.0,0.0,0.0,0.0,0.0,0.0,0.0,0.0,0.9639278557114228,0.5861723446893787,0.8937875751503006,0.5681362725450901,0.845691382765531,0.5200400801603207,0.8216432865731463,0.47394789579158314,0.7985971943887775,0.4338677354709419,0.8837675350701403,0.44188376753507014,0.8617234468937875,0.3807615230460922,0.845691382765531,0.343687374749499,0.8336673346693386,0.30861723446893785,0.9228456913827655,0.42985971943887774,0.906813627254509,0.35971943887775554,0.8957915831663327,0.3156312625250501,0.8857715430861723,0.27655310621242485,0.9609218436873748,0.4308617234468938,0.9488977955911824,0.3657314629258517,0.9378757515030061,0.3246492985971944,0.9258517034068137,0.2865731462925852,1.0,0.44188376753507014,0.9979959919839679,0.38877755511022044,0.9919839679358717,0.35370741482965934,0.9819639278557114,0.3196392785571142
0,0.0,0.0,0.0,0.0,0.0,0.0,0.0,0.0,0.0,0.0,0.0,0.0,0.0,0.0,0.0,0.0,0.0,0.0,0.0,0.0,0.0,0.0,0.0,0.0,0.0,0.0,0.0,0.0,0.0,0.0,0.0,0.0,0.0,0.0,0.0,0.0,0.0,0.0,0.0,0.0,0.0,0.0,0.962,0.587,0.892,0.568,0.844,0.52,0.82,0.473,0.798,0.434,0.883,0.443,0.862,0.38,0.847,0.343,0.835,0.309,0.922,0.432,0.908,0.361,0.898,0.315,0.889,0.276,0.96,0.434,0.949,0.368,0.939,0.327,0.928,0.289,1.0,0.445,0.998,0.391,0.992,0.356,0.983,0.321
0,0.0,0.0,0.0,0.0,0.0,0.0,0.0,0.0,0.0,0.0,0.0,0.0,0.0,0.0,0.0,0.0,0.0,0.0,0.0,0.0,0.0,0.0,0.0,0.0,0.0,0.0,0.0,0.0,0.0,0.0,0.0,0.0,0.0,0.0,0.0,0.0,0.0,0.0,0.0,0.0,0.0,0.0,0.959122632103689,0.5892323030907278,0.8883349950149552,0.5672981056829511,0.8414755732801595,0.518444666001994,0.8185443668993021,0.47058823529411764,0.7956131605184447,0.4317048853439681,0.8823529411764706,0.4426719840478564,0.8604187437686939,0.3798604187437687,0.8454636091724825,0.34297108673978066,0.8334995014955134,0.30807577268195413,0.9212362911266201,0.43270189431704886,0.9072781655034895,0.35992023928215355,0.8973080757726819,0.3150548354935194,0.8883349950149552,0.27517447657028915,0.9601196410767697,0.43469591226321036,0.9491525423728814,0.36889332003988035,0.938185443668993,0.3270189431704885,0.9272183449651047,0.28913260219341974,1.0,0.4456630109670987,0.9980059820538385,0.3918245264207378,0.9910269192422732,0.3559322033898305,0.9810568295114656,0.3220338983050847
0,0.0,0.0,0.0,0.0,0.0,0.0,0.0,0.0,0.0,0.0,0.0,0.0,0.0,0.0,0.0,0.0,0.0,0.0,0.0,0.0,0.0,0.0,0.0,0.0,0.0,0.0,0.0,0.0,0.0,0.0,0.0,0.0,0.0,0.0,0.0,0.0,0.0,0.0,0.0,0.0,0.0,0.0,0.9601593625498008,0.5936254980079682,0.8874501992031872,0.5717131474103586,0.8406374501992032,0.5209163346613546,0.8197211155378487,0.47310756972111556,0.795816733067729,0.4352589641434263,0.8824701195219123,0.4442231075697211,0.8605577689243028,0.38147410358565736,0.8456175298804781,0.3436254980079681,0.8326693227091634,0.30876494023904383,0.9223107569721115,0.43326693227091634,0.9083665338645418,0.3615537848605578,0.897410358565737,0.31673306772908366,0.8864541832669323,0.27689243027888444,0.9601593625498008,0.4352589641434263,0.950199203187251,0.36852589641434264,0.9402390438247012,0.32669322709163345,0.9272908366533864,0.28884462151394424,1.0,0.44721115537848605,0.999003984063745,0.3934262948207171,0.9930278884462151,0.35756972111553786,0.9830677290836654,0.32270916334661354
0,0.0,0.0,0.0,0.0,0.0,0.0,0.0,0.0,0.0,0.0,0.0,0.0,0.0,0.0,0.0,0.0,0.0,0.0,0.0,0.0,0.0,0.0,0.0,0.0,0.0,0.0,0.0,0.0,0.0,0.0,0.0,0.0,0.0,0.0,0.0,0.0,0.0,0.0,0.0,0.0,0.0,0.0,0.9592850049652433,0.5998013902681232,0.887785501489573,0.576961271102284,0.8401191658391262,0.5243296921549155,0.817279046673287,0.4746772591857001,0.7924528301886793,0.43495531281032773,0.8808341608738828,0.44786494538232374,0.8579940417080437,0.3843098311817279,0.843098311817279,0.3455809334657398,0.8311817279046674,0.31082423038728896,0.9215491559086395,0.4369414101290963,0.9066534260178749,0.3634558093346574,0.8947368421052632,0.31678252234359483,0.8848063555114201,0.27805362462760674,0.9602780536246276,0.43892750744786496,0.9503475670307845,0.37040714995034757,0.9394240317775571,0.3286991062562066,0.9275074478649454,0.29096325719960275,1.0,0.45084409136047665,0.9990069513406157,0.3952333664349553,0.9920556107249255,0.35948361469712015,0.9821251241310824,0.3257199602780536
0,0.0,0.0,0.0,0.0,0.0,0.0,0.0,0.0,0.0,0.0,0.0,0.0,0.0,0.0,0.0,0.0,0.0,0.0,0.0,0.0,0.0,0.0,0.0,0.0,0.0,0.0,0.0,0.0,0.0,0.0,0.0,0.0,0.0,0.0,0.0,0.0,0.0,0.0,0.0,0.0,0.0,0.0,0.956392467789891,0.6095143706640238,0.8850346878097126,0.5847373637264618,0.8374628344895937,0.5302279484638256,0.8146679881070367,0.4786917740336967,0.7898909811694748,0.4370664023785927,0.8810703666997026,0.4519326065411298,0.8572844400396432,0.3875123885034688,0.8424182358771061,0.34886025768087214,0.8305252725470763,0.313181367690783,0.9217046580773043,0.44103072348860256,0.9078295341922695,0.3666997026759167,0.8959365708622399,0.3201189296333003,0.8860257680872151,0.2804757185332012,0.9603567888999008,0.4449950445986125,0.9514370664023786,0.37561942517343905,0.9415262636273538,0.3330029732408325,0.9306243805748265,0.29534192269573833,1.0,0.45986124876114964,0.9990089197224975,0.40336967294350845,0.9930624380574826,0.3666997026759167,0.9841427155599604,0.3330029732408325
0,0.0,0.0,0.0,0.0,0.0,0.0,0.0,0.0,0.0,0.0,0.0,0.0,0.0,0.0,0.0,0.0,0.0,0.0,0.0,0.0,0.0,0.0,0.0,0.0,0.0,0.0,0.0,0.0,0.0,0.0,0.0,0.0,0.0,0.0,0.0,0.0,0.0,0.0,0.0,0.0,0.0,0.0,0.9574678536102869,0.6152324431256182,0.884272997032641,0.5914935707220573,0.8367952522255193,0.5351137487636004,0.8130563798219584,0.4826904055390702,0.7863501483679525,0.4431256181998022,0.8793273986152325,0.4559841740850643,0.8565776458951533,0.390702274975272,0.8417408506429278,0.35212660731948564,0.8298714144411474,0.3165182987141444,0.9208704253214639,0.44510385756676557,0.9070227497527201,0.37091988130563797,0.8951533135509396,0.32443125618199803,0.8852621167161226,0.2838773491592483,0.960435212660732,0.45004945598417406,0.9525222551928784,0.3798219584569733,0.9426310583580614,0.33728981206726016,0.9317507418397626,0.2997032640949555,1.0,0.466864490603363,1.0,0.4094955489614243,0.9940652818991098,0.37289812067260136,0.9861523244312562,0.33926805143422356
0,0.0,0.0,0.0,0.0,0.0,0.0,0.0,0.0,0.0,0.0,0.0,0.0,0.0,0.0,0.0,0.0,0.0,0.0,0.0,0.0,0.0,0.0,0.0,0.0,0.0,0.0,0.0,0.0,0.0,0.0,0.0,0.0,0.0,0.0,0.0,0.0,0.0,0.0,0.0,0.0,0.0,0.0,0.9575518262586377,0.6209279368213229,0.8825271470878578,0.596248766041461,0.8341559723593287,0.5399802566633761,0.8114511352418559,0.4856860809476802,0.7857847976307996,0.4452122408687068,0.8775913129318855,0.4590325765054294,0.8548864758144127,0.39387956564659427,0.8400789733464955,0.35538005923000987,0.8282329713721619,0.3198420533070089,0.9190523198420533,0.4481737413622902,0.9062191510365252,0.37314906219151034,0.8943731490621916,0.32773938795656465,0.8835143139190523,0.2872655478775913,0.9595261599210266,0.45409674234945707,0.9506416584402764,0.3830207305034551,0.9407699901283317,0.3405725567620928,0.9299111549851925,0.3020730503455084,1.0,0.47087857847976305,1.0,0.4136229022704837,0.9940769990128332,0.3770977295162882,0.9851924975320829,0.3425468904244817
0,0.0,0.0,0.0,0.0,0.0,0.0,0.0,0.0,0.0,0.0,0.0,0.0,0.0,0.0,0.0,0.0,0.0,0.0,0.0,0.0,0.0,0.0,0.0,0.0,0.0,0.0,0.0,0.0,0.0,0.0,0.0,0.0,0.0,0.0,0.0,0.0,0.0,0.0,0.0,0.0,0.0,0.0,0.9566929133858267,0.6220472440944882,0.8818897637795275,0.5954724409448819,0.8336614173228346,0.5403543307086615,0.8090551181102362,0.4881889763779528,0.7844488188976378,0.4478346456692913,0.8769685039370079,0.4596456692913386,0.8543307086614174,0.39468503937007876,0.8385826771653543,0.3562992125984252,0.8257874015748031,0.3198818897637795,0.9183070866141733,0.44881889763779526,0.9045275590551181,0.375,0.8927165354330708,0.328740157480315,0.8828740157480315,0.2874015748031496,0.9586614173228346,0.453740157480315,0.9498031496062992,0.38484251968503935,0.9399606299212598,0.3425196850393701,0.9281496062992126,0.30413385826771655,1.0,0.4704724409448819,0.9990157480314961,0.41437007874015747,0.9921259842519685,0.37696850393700787,0.9832677165354331,0.3425196850393701
0,0.0,0.0,0.0,0.0,0.0,0.0,0.0,0.0,0.0,0.0,0.0,0.0,0.0,0.0,0.0,0.0,0.0,0.0,0.0,0.0,0.0,0.0,0.0,0.0,0.0,0.0,0.0,0.0,0.0,0.0,0.0,0.0,0.0,0.0,0.0,0.0,0.0,0.0,0.0,0.0,0.0,0.0,0.9577603143418467,0.6208251473477406,0.8821218074656189,0.5962671905697446,0.8330058939096268,0.5422396856581533,0.8084479371316307,0.48919449901768175,0.7838899803536346,0.4489194499017682,0.8762278978388998,0.46070726915520627,0.8536345776031434,0.3948919449901768,0.8388998035363457,0.3575638506876228,0.8261296660117878,0.3212180746561886,0.918467583497053,0.449901768172888,0.9047151277013753,0.37524557956778,0.8929273084479371,0.3300589390962672,0.8821218074656189,0.2888015717092338,0.9587426326129665,0.4548133595284872,0.949901768172888,0.3850687622789784,0.9400785854616895,0.3428290766208251,0.9292730844793713,0.3055009823182711,1.0,0.4715127701375246,1.0,0.41453831041257366,0.9941060903732809,0.3781925343811395,0.9852652259332023,0.343811394891945
0,0.0,0.0,0.0,0.0,0.0,0.0,0.0,0.0,0.0,0.0,0.0,0.0,0.0,0.0,0.0,0.0,0.0,0.0,0.0,0.0,0.0,0.0,0.0,0.0,0.0,0.0,0.0,0.0,0.0,0.0,0.0,0.0,0.0,0.0,0.0,0.0,0.0,0.0,0.0,0.0,0.0,0.0,0.9568627450980393,0.6215686274509804,0.8803921568627451,0.5990196078431372,0.8313725490196079,0.5431372549019607,0.8068627450980392,0.49019607843137253,0.7833333333333333,0.44901960784313727,0.8754901960784314,0.46176470588235297,0.8539215686274509,0.396078431372549,0.8392156862745098,0.35784313725490197,0.8254901960784313,0.32254901960784316,0.9176470588235294,0.45098039215686275,0.903921568627451,0.37745098039215685,0.8921568627450981,0.3303921568627451,0.8813725490196078,0.2901960784313726,0.957843137254902,0.45588235294117646,0.9490196078431372,0.3862745098039216,0.9382352941176471,0.34411764705882353,0.9274509803921569,0.3058823529411765,1.0,0.4725490196078431,1.0,0.41568627450980394,0.9941176470588236,0.37941176470588234,0.9862745098039216,0.34411764705882353
0,0.0,0.0,0.0,0.0,0.0,0.0,0.0,0.0,0.0,0.0,0.0,0.0,0.0,0.0,0.0,0.0,0.0,0.0,0.0,0.0,0.0,0.0,0.0,0.0,0.0,0.0,0.0,0.0,0.0,0.0,0.0,0.0,0.0,0.0,0.0,0.0,0.0,0.0,0.0,0.0,0.0,0.0,0.9569049951028403,0.6248775710088149,0.8805093046033301,0.6003917727717923,0.8315377081292851,0.545543584720862,0.8080313418217434,0.4926542605288932,0.7835455435847208,0.4505386875612145,0.8756121449559255,0.465230166503428,0.8540646425073457,0.39960822722820766,0.8393731635651323,0.3604309500489716,0.8256611165523996,0.32517140058765914,0.9177277179236043,0.4544564152791381,0.9040156709108716,0.37904015670910873,0.8922624877571009,0.3330068560235064,0.881488736532811,0.29187071498530853,0.9578844270323212,0.4583741429970617,0.9490695396669931,0.38883447600391774,0.9392752203721841,0.346718903036239,0.9275220372184133,0.30852105778648387,0.9990205680705191,0.47502448579823703,1.0,0.41821743388834476,0.9951028403525954,0.3809990205680705,0.9872673849167483,0.346718903036239
0,0.0,0.0,0.0,0.0,0.0,0.0,0.0,0.0,0.0,0.0,0.0,0.0,0.0,0.0,0.0,0.0,0.0,0.0,0.0,0.0,0.0,0.0,0.0,0.0,0.0,0.0,0.0,0.0,0.0,0.0,0.0,0.0,0.0,0.0,0.0,0.0,0.0,0.0,0.0,0.0,0.0,0.0,0.9579256360078278,0.62720156555773,0.8806262230919765,0.6027397260273972,0.8307240704500979,0.547945205479452,0.8072407045009785,0.49412915851272016,0.7827788649706457,0.4520547945205479,0.8747553816046967,0.46673189823874756,0.8542074363992173,0.40117416829745595,0.8395303326810176,0.36203522504892366,0.8258317025440313,0.3258317025440313,0.9178082191780822,0.45499021526418787,0.9041095890410958,0.3806262230919765,0.8923679060665362,0.33463796477495106,0.8816046966731899,0.29354207436399216,0.9579256360078278,0.4598825831702544,0.9500978473581213,0.3904109589041096,0.9393346379647749,0.34833659491193736,0.9285714285714286,0.3101761252446184,1.0,0.4765166340508806,1.0,0.4207436399217221,0.9941291585127201,0.38454011741682975,0.9863013698630136,0.350293542074364
0,0.0,0.0,0.0,0.0,0.0,0.0,0.0,0.0,0.0,0.0,0.0,0.0,0.0,0.0,0.0,0.0,0.0,0.0,0.0,0.0,0.0,0.0,0.0,0.0,0.0,0.0,0.0,0.0,0.0,0.0,0.0,0.0,0.0,0.0,0.0,0.0,0.0,0.0,0.0,0.0,0.0,0.0,0.9560975609756097,0.6282926829268293,0.8790243902439024,0.6029268292682927,0.8302439024390244,0.5482926829268293,0.806829268292683,0.4946341463414634,0.7824390243902439,0.4526829268292683,0.8741463414634146,0.4682926829268293,0.8536585365853658,0.4029268292682927,0.8380487804878048,0.36390243902439023,0.8253658536585365,0.3278048780487805,0.9170731707317074,0.4575609756097561,0.9024390243902439,0.38341463414634147,0.8917073170731707,0.3375609756097561,0.8809756097560976,0.2965853658536585,0.9570731707317073,0.4624390243902439,0.9482926829268292,0.3921951219512195,0.9385365853658536,0.35024390243902437,0.926829268292683,0.3121951219512195,0.9990243902439024,0.47804878048780486,1.0,0.4214634146341463,0.9941463414634146,0.3853658536585366,0.9863414634146341,0.35121951219512193
0,0.0,0.0,0.09370816599732262,-0.0321285140562249,0.16599732262382866,-0.12315930388219545,0.21954484605087016,-0.20214190093708165,0.2744310575635877,-0.26907630522088355,0.09504685408299866,-0.24096385542168675,0.13788487282463185,-0.3534136546184739,0.1753681392235609,-0.41633199464524767,0.21151271753681392,-0.47121820615796517,0.029451137884872823,-0.2463186077643909,0.06559571619812583,-0.3668005354752343,0.10040160642570281,-0.44176706827309237,0.13654618473895583,-0.5060240963855421,-0.038821954484605084,-0.22757697456492637,-0.01740294511378849,-0.3373493975903614,0.0107095046854083,-0.4002677376171352,0.04417670682730924,-0.4524765729585007,-0.10843373493975904,-0.18875502008032127,-0.10307898259705489,-0.2784471218206158,-0.08299866131191433,-0.3279785809906292,-0.058902275769745646,-0.36947791164658633,0.9384203480589023,-0.06157965194109773,0.8326639892904953,-0.09504685408299866,0.7657295850066934,-0.17001338688085676,0.7322623828647925,-0.24364123159303883,0.7001338688085676,-0.30120481927710846,0.8273092369477911,-0.2797858099062918,0.7991967871485943,-0.36947791164658633,0.7777777777777778,-0.42302543507362783,0.7590361445783133,-0.4725568942436412,0.8862115127175368,-0.29451137884872824,0.8674698795180723,-0.3962516733601071,0.8514056224899599,-0.45917001338688085,0.8366800535475234,-0.5153949129852744,0.9410977242302544,-0.2878179384203481,0.9303882195448461,-0.3828647925033467,0.9156626506024096,-0.4390896921017403,0.8995983935742972,-0.49129852744310576,0.998661311914324,-0.26639892904953144,1.0,-0.34404283801874164,0.9919678714859438,-0.39357429718875503,0.9812583668005355,-0.4404283801874163
0,0.0,0.0,0.10465116279069768,-0.04263565891472868,0.18087855297157623,-0.14082687338501293,0.22609819121447028,-0.2222222222222222,0.28036175710594313,-0.27648578811369506,0.11886304909560723,-0.25839793281653745,0.15374677002583978,-0.36563307493540054,0.18992248062015504,-0.43281653746770027,0.22609819121447028,-0.4844961240310077,0.05813953488372093,-0.27260981912144705,0.08785529715762273,-0.38242894056847543,0.12015503875968993,-0.4573643410852713,0.15762273901808785,-0.5167958656330749,-0.0012919896640826874,-0.26744186046511625,0.020671834625323,-0.3695090439276486,0.05297157622739018,-0.4354005167958656,0.09302325581395349,-0.4883720930232558,-0.06201550387596899,-0.23901808785529716,-0.05813953488372093,-0.32170542635658916,-0.03359173126614987,-0.3708010335917313,0.0,-0.4095607235142119,0.9418604651162791,-0.0012919896640826874,0.8397932816537468,-0.031007751937984496,0.7739018087855297,-0.10594315245478036,0.7416020671834626,-0.17958656330749354,0.7093023255813954,-0.2351421188630491,0.8333333333333334,-0.21188630490956073,0.8049095607235142,-0.2997416020671835,0.7855297157622739,-0.35271317829457366,0.7674418604651163,-0.4005167958656331,0.8901808785529716,-0.22739018087855298,0.872093023255814,-0.32558139534883723,0.8565891472868217,-0.3888888888888889,0.8423772609819121,-0.44315245478036175,0.9431524547803618,-0.22093023255813954,0.9328165374677002,-0.31266149870801035,0.9186046511627907,-0.3682170542635659,0.9031007751937985,-0.4198966408268734,0.9987080103359173,-0.20025839793281655,1.0,-0.2751937984496124,0.9922480620155039,-0.32299741602067183,0.9819121447028424,-0.3682170542635659
0,0.0,0.0,0.09893048128342247,-0.06550802139037433,0.15775401069518716,-0.16310160427807488,0.196524064171123,-0.23529411764705882,0.24197860962566844,-0.28609625668449196,0.09090909090909091,-0.28475935828877,0.13101604278074866,-0.38636363636363635,0.16042780748663102,-0.44385026737967914,0.19117647058823528,-0.49732620320855614,0.03877005347593583,-0.2967914438502674,0.07219251336898395,-0.40641711229946526,0.10294117647058823,-0.4732620320855615,0.13502673796791445,-0.5334224598930482,-0.014705882352941176,-0.2874331550802139,0.0053475935828877,-0.3917112299465241,0.03609625668449198,-0.45454545454545453,0.07085561497326204,-0.5080213903743316,-0.07085561497326204,-0.25668449197860965,-0.06818181818181818,-0.3422459893048128,-0.04679144385026738,-0.39438502673796794,-0.016042780748663103,-0.4385026737967914,0.9398395721925134,0.06684491978609626,0.8328877005347594,0.03342245989304813,0.7647058823529411,-0.045454545454545456,0.733957219251337,-0.12299465240641712,0.6991978609625669,-0.1804812834224599,0.8275401069518716,-0.15508021390374332,0.7981283422459893,-0.24598930481283424,0.7780748663101604,-0.30080213903743314,0.7606951871657754,-0.3502673796791444,0.8863636363636364,-0.1697860962566845,0.8689839572192514,-0.2713903743315508,0.8529411764705882,-0.33689839572192515,0.8368983957219251,-0.393048128342246,0.9411764705882353,-0.16310160427807488,0.93048128342246,-0.25935828877005346,0.9171122994652406,-0.31684491978609625,0.9010695187165776,-0.37032085561497324,0.9986631016042781,-0.14037433155080214,1.0,-0.21657754010695188,0.9933155080213903,-0.2660427807486631,0.982620320855615,-0.31283422459893045
0,0.0,0.0,0.10026737967914438,-0.06818181818181818,0.1537433155080214,-0.16176470588235295,0.18716577540106952,-0.22994652406417113,0.2339572192513369,-0.2807486631016043,0.09090909090909091,-0.2713903743315508,0.12967914438502673,-0.37032085561497324,0.1590909090909091,-0.4264705882352941,0.1858288770053476,-0.4786096256684492,0.03877005347593583,-0.27807486631016043,0.0748663101604278,-0.3890374331550802,0.10427807486631016,-0.45454545454545453,0.13368983957219252,-0.516042780748663,-0.013368983957219251,-0.26336898395721925,0.012032085561497326,-0.3716577540106952,0.04144385026737968,-0.4344919786096257,0.07352941176470588,-0.49064171122994654,-0.06818181818181818,-0.232620320855615,-0.05748663101604278,-0.3181818181818182,-0.03609625668449198,-0.37433155080213903,-0.008021390374331552,-0.42914438502673796,0.9398395721925134,0.13502673796791445,0.8288770053475936,0.09893048128342247,0.7620320855614974,0.01871657754010695,0.7286096256684492,-0.05748663101604278,0.6911764705882353,-0.1163101604278075,0.8262032085561497,-0.09224598930481283,0.7954545454545454,-0.18449197860962566,0.7727272727272727,-0.24064171122994651,0.7540106951871658,-0.2914438502673797,0.8850267379679144,-0.10561497326203209,0.8676470588235294,-0.21122994652406418,0.8489304812834224,-0.27807486631016043,0.8342245989304813,-0.3342245989304813,0.9398395721925134,-0.09893048128342247,0.929144385026738,-0.196524064171123,0.9131016042780749,-0.2553475935828877,0.8957219251336899,-0.3048128342245989,0.9986631016042781,-0.0748663101604278,1.0,-0.15508021390374332,0.9919786096256684,-0.20454545454545456,0.9799465240641712,-0.25
0,0.0,0.0,0.09523809523809523,-0.0582010582010582,0.14682539682539683,-0.14682539682539683,0.17592592592592593,-0.21296296296296297,0.21428571428571427,-0.25793650793650796,0.08994708994708994,-0.25132275132275134,0.12301587301587301,-0.3439153439153439,0.14814814814814814,-0.3968253968253968,0.17063492063492064,-0.44576719576719576,0.03835978835978836,-0.2605820105820106,0.0701058201058201,-0.3637566137566138,0.09656084656084656,-0.4246031746031746,0.12169312169312169,-0.48148148148148145,-0.010582010582010581,-0.2526455026455027,0.011904761904761904,-0.3492063492063492,0.03835978835978836,-0.4074074074074074,0.06349206349206349,-0.4603174603174603,-0.06349206349206349,-0.22883597883597884,-0.05555555555555555,-0.3082010582010582,-0.03571428571428571,-0.35714285714285715,-0.011904761904761904,-0.40343915343915343,0.9259259259259259,0.21693121693121692,0.8214285714285714,0.18386243386243387,0.75,0.10317460317460317,0.7103174603174603,0.026455026455026454,0.6746031746031746,-0.037037037037037035,0.8148148148148148,0.0,0.7843915343915344,-0.0992063492063492,0.7632275132275133,-0.15608465608465608,0.7433862433862434,-0.20767195767195767,0.876984126984127,-0.009259259259259259,0.8597883597883598,-0.12037037037037036,0.843915343915344,-0.18783068783068782,0.828042328042328,-0.24603174603174602,0.9365079365079365,0.0013227513227513227,0.9246031746031746,-0.09788359788359788,0.91005291005291,-0.1574074074074074,0.8928571428571429,-0.21031746031746032,0.996031746031746,0.0291005291005291,1.0,-0.05026455026455026,0.9947089947089947,-0.10052910052910052,0.9841269841269841,-0.1455026455026455
0,0.0,0.0,0.08668341708542714,-0.05025125628140704,0.13442211055276382,-0.13190954773869346,0.16080402010050251,-0.19095477386934673,0.1934673366834171,-0.23366834170854273,0.08040201005025126,-0.2236180904522613,0.11180904522613065,-0.30904522613065327,0.13442211055276382,-0.3592964824120603,0.15577889447236182,-0.40326633165829145,0.035175879396984924,-0.23618090452261306,0.06532663316582915,-0.33040201005025127,0.08793969849246232,-0.38819095477386933,0.11055276381909548,-0.4396984924623116,-0.010050251256281407,-0.23241206030150754,0.011306532663316583,-0.31909547738693467,0.035175879396984924,-0.3731155778894472,0.059045226130653265,-0.4221105527638191,-0.05778894472361809,-0.21482412060301506,-0.05025125628140704,-0.2864321608040201,-0.031407035175879394,-0.33040201005025127,-0.008793969849246231,-0.37185929648241206,0.8793969849246231,0.22236180904522612,0.7989949748743719,0.22236180904522612,0.7298994974874372,0.19095477386934673,0.6846733668341709,0.13190954773869346,0.6369346733668342,0.07160804020100503,0.7914572864321608,0.11809045226130653,0.7600502512562815,0.02135678391959799,0.7374371859296482,-0.028894472361809045,0.714824120603015,-0.07160804020100503,0.8580402010050251,0.11809045226130653,0.8479899497487438,0.022613065326633167,0.835427135678392,-0.031407035175879394,0.821608040201005,-0.07788944723618091,0.9221105527638191,0.13944723618090452,0.9183417085427136,0.05402010050251256,0.9120603015075377,0.00628140703517588,0.8994974874371859,-0.038944723618090454,0.9849246231155779,0.1708542713567839,0.9962311557788944,0.09798994974874371,1.0,0.05150753768844221,0.9949748743718593,0.008793969849246231
0,0.0,0.0,0.19705882352941176,-0.09705882352941177,0.3088235294117647,-0.2823529411764706,0.3735294117647059,-0.4264705882352941,0.4470588235294118,-0.5205882352941177,0.18235294117647058,-0.5029411764705882,0.25588235294117645,-0.6970588235294117,0.3088235294117647,-0.8117647058823529,0.3558823529411765,-0.9147058823529411,0.07647058823529412,-0.5352941176470588,0.14705882352941177,-0.75,0.20588235294117646,-0.8823529411764706,0.25588235294117645,-1.0,-0.026470588235294117,-0.5264705882352941,0.023529411764705882,-0.7264705882352941,0.08235294117647059,-0.8529411764705882,0.13823529411764707,-0.961764705882353,-0.13529411764705881,-0.49117647058823527,-0.11176470588235295,-0.6529411764705882,-0.06764705882352941,-0.7558823529411764,-0.014705882352941176,-0.85,0.0,0.0,0.0,0.0,0.0,0.0,0.0,0.0,0.0,0.0,0.0,0.0,0.0,0.0,0.0,0.0,0.0,0.0,0.0,0.0,0.0,0.0,0.0,0.0,0.0,0.0,0.0,0.0,0.0,0.0,0.0,0.0,0.0,0.0,0.0,0.0,0.0,0.0,0.0,0.0,0.0,0.0
0,0.0,0.0,0.1981981981981982,-0.09009009009009009,0.3153153153153153,-0.27927927927927926,0.3843843843843844,-0.4264264264264264,0.45645645645645644,-0.5195195195195195,0.18618618618618618,-0.5045045045045045,0.26126126126126126,-0.6966966966966966,0.3123123123123123,-0.8108108108108109,0.35735735735735735,-0.9129129129129129,0.08108108108108109,-0.5375375375375375,0.15315315315315314,-0.7507507507507507,0.21021021021021022,-0.8828828828828829,0.25825825825825827,-1.0,-0.021021021021021023,-0.5315315315315315,0.03003003003003003,-0.7297297297297297,0.08708708708708708,-0.8528528528528528,0.13813813813813813,-0.9579579579579579,-0.12912912912912913,-0.4984984984984985,-0.10810810810810811,-0.6576576576576577,-0.06306306306306306,-0.7597597597597597,-0.009009009009009009,-0.8528528528528528,0.0,0.0,0.0,0.0,0.0,0.0,0.0,0.0,0.0,0.0,0.0,0.0,0.0,0.0,0.0,0.0,0.0,0.0,0.0,0.0,0.0,0.0,0.0,0.0,0.0,0.0,0.0,0.0,0.0,0.0,0.0,0.0,0.0,0.0,0.0,0.0,0.0,0.0,0.0,0.0,0.0,0.0
0,0.0,0.0,0.2043343653250774,-0.08359133126934984,0.3281733746130031,-0.2724458204334365,0.39628482972136225,-0.4241486068111455,0.47058823529411764,-0.5201238390092879,0.19504643962848298,-0.5077399380804953,0.26625386996904027,-0.6965944272445821,0.3188854489164087,-0.8111455108359134,0.3653250773993808,-0.913312693498452,0.08978328173374613,-0.541795665634675,0.1609907120743034,-0.7554179566563467,0.21362229102167182,-0.8854489164086687,0.2631578947368421,-1.0,-0.01238390092879257,-0.5356037151702786,0.03715170278637771,-0.7337461300309598,0.09287925696594428,-0.8575851393188855,0.14551083591331268,-0.9628482972136223,-0.1238390092879257,-0.5015479876160991,-0.09907120743034056,-0.6656346749226006,-0.05572755417956656,-0.7678018575851393,0.0,-0.8606811145510835,0.0,0.0,0.0,0.0,0.0,0.0,0.0,0.0,0.0,0.0,0.0,0.0,0.0,0.0,0.0,0.0,0.0,0.0,0.0,0.0,0.0,0.0,0.0,0.0,0.0,0.0,0.0,0.0,0.0,0.0,0.0,0.0,0.0,0.0,0.0,0.0,0.0,0.0,0.0,0.0,0.0,0.0
0,0.0,0.0,0.20440251572327045,-0.08176100628930817,0.3238993710691824,-0.2672955974842767,0.39308176100628933,-0.41509433962264153,0.46226415094339623,-0.5157232704402516,0.18867924528301888,-0.5062893081761006,0.2610062893081761,-0.6981132075471698,0.3113207547169811,-0.8113207547169812,0.3584905660377358,-0.9088050314465409,0.08176100628930817,-0.5408805031446541,0.1509433962264151,-0.7578616352201258,0.20754716981132076,-0.8867924528301887,0.25471698113207547,-1.0,-0.018867924528301886,-0.5377358490566038,0.02830188679245283,-0.7358490566037735,0.08490566037735849,-0.8584905660377359,0.14150943396226415,-0.9622641509433962,-0.1289308176100629,-0.5031446540880503,-0.1069182389937107,-0.6666666666666666,-0.0660377358490566,-0.7672955974842768,-0.009433962264150943,-0.8616352201257862,0.0,0.0,0.0,0.0,0.0,0.0,0.0,0.0,0.0,0.0,0.0,0.0,0.0,0.0,0.0,0.0,0.0,0.0,0.0,0.0,0.0,0.0,0.0,0.0,0.0,0.0,0.0,0.0,0.0,0.0,0.0,0.0,0.0,0.0,0.0,0.0,0.0,0.0,0.0,0.0,0.0,0.0
0,0.0,0.0,0.20382165605095542,-0.07643312101910828,0.3248407643312102,-0.2643312101910828,0.39490445859872614,-0.4140127388535032,0.46178343949044587,-0.5159235668789809,0.1910828025477707,-0.5095541401273885,0.2643312101910828,-0.697452229299363,0.31528662420382164,-0.8121019108280255,0.3630573248407643,-0.910828025477707,0.08598726114649681,-0.5445859872611465,0.15286624203821655,-0.7579617834394905,0.21019108280254778,-0.8885350318471338,0.2611464968152866,-1.0,-0.01592356687898089,-0.5414012738853503,0.028662420382165606,-0.7388535031847133,0.08598726114649681,-0.8598726114649682,0.14012738853503184,-0.964968152866242,-0.12738853503184713,-0.5031847133757962,-0.10828025477707007,-0.6687898089171974,-0.06687898089171974,-0.767515923566879,-0.009554140127388535,-0.8630573248407644,0.0,0.0,0.0,0.0,0.0,0.0,0.0,0.0,0.0,0.0,0.0,0.0,0.0,0.0,0.0,0.0,0.0,0.0,0.0,0.0,0.0,0.0,0.0,0.0,0.0,0.0,0.0,0.0,0.0,0.0,0.0,0.0,0.0,0.0,0.0,0.0,0.0,0.0,0.0,0.0,0.0,0.0
0,0.0,0.0,0.20766773162939298,-0.07667731629392971,0.3258785942492013,-0.26198083067092653,0.3961661341853035,-0.41214057507987223,0.46325878594249204,-0.5111821086261981,0.19488817891373802,-0.5047923322683706,0.268370607028754,-0.6932907348242812,0.3194888178913738,-0.8083067092651757,0.36421725239616615,-0.9073482428115016,0.08945686900958466,-0.5431309904153354,0.15654952076677317,-0.7539936102236422,0.2108626198083067,-0.8849840255591054,0.26198083067092653,-1.0,-0.012779552715654952,-0.5399361022364217,0.03514376996805112,-0.7380191693290735,0.0926517571884984,-0.8562300319488818,0.14696485623003194,-0.9648562300319489,-0.12140575079872204,-0.5047923322683706,-0.10223642172523961,-0.6677316293929713,-0.05750798722044728,-0.7667731629392971,0.0,-0.8594249201277955,0.0,0.0,0.0,0.0,0.0,0.0,0.0,0.0,0.0,0.0,0.0,0.0,0.0,0.0,0.0,0.0,0.0,0.0,0.0,0.0,0.0,0.0,0.0,0.0,0.0,0.0,0.0,0.0,0.0,0.0,0.0,0.0,0.0,0.0,0.0,0.0,0.0,0.0,0.0,0.0,0.0,0.0
0,0.0,0.0,0.20833333333333334,-0.07371794871794872,0.3269230769230769,-0.26282051282051283,0.3974358974358974,-0.41346153846153844,0.46474358974358976,-0.5096153846153846,0.1955128205128205,-0.5032051282051282,0.266025641025641,-0.6923076923076923,0.32051282051282054,-0.8076923076923077,0.36538461538461536,-0.907051282051282,0.08974358974358974,-0.5416666666666666,0.15705128205128205,-0.7532051282051282,0.21153846153846154,-0.8846153846153846,0.26282051282051283,-1.0,-0.009615384615384616,-0.5384615384615384,0.038461538461538464,-0.7339743589743589,0.09294871794871795,-0.8557692307692307,0.15064102564102563,-0.9615384615384616,-0.11858974358974358,-0.5032051282051282,-0.09935897435897435,-0.6666666666666666,-0.057692307692307696,-0.7660256410256411,0.003205128205128205,-0.8589743589743589,0.0,0.0,0.0,0.0,0.0,0.0,0.0,0.0,0.0,0.0,0.0,0.0,0.0,0.0,0.0,0.0,0.0,0.0,0.0,0.0,0.0,0.0,0.0,0.0,0.0,0.0,0.0,0.0,0.0,0.0,0.0,0.0,0.0,0.0,0.0,0.0,0.0,0.0,0.0,0.0,0.0,0.0
0,0.0,0.0,0.20512820512820512,-0.07371794871794872,0.32051282051282054,-0.26282051282051283,0.391025641025641,-0.41025641025641024,0.4551282051282051,-0.5128205128205128,0.1891025641025641,-0.5032051282051282,0.25961538461538464,-0.6923076923076923,0.3108974358974359,-0.8044871794871795,0.358974358974359,-0.9038461538461539,0.08653846153846154,-0.5416666666666666,0.14743589743589744,-0.7532051282051282,0.20192307692307693,-0.8846153846153846,0.2532051282051282,-1.0,-0.016025641025641024,-0.5416666666666666,0.03205128205128205,-0.7339743589743589,0.08653846153846154,-0.8557692307692307,0.14423076923076922,-0.9647435897435898,-0.125,-0.5064102564102564,-0.10576923076923077,-0.6666666666666666,-0.0641025641025641,-0.7692307692307693,-0.00641025641025641,-0.8653846153846154,0.0,0.0,0.0,0.0,0.0,0.0,0.0,0.0,0.0,0.0,0.0,0.0,0.0,0.0,0.0,0.0,0.0,0.0,0.0,0.0,0.0,0.0,0.0,0.0,0.0,0.0,0.0,0.0,0.0,0.0,0.0,0.0,0.0,0.0,0.0,0.0,0.0,0.0,0.0,0.0,0.0,0.0
0,0.0,0.0,0.20192307692307693,-0.07371794871794872,0.32051282051282054,-0.25961538461538464,0.38782051282051283,-0.41025641025641024,0.4551282051282051,-0.5096153846153846,0.19230769230769232,-0.5032051282051282,0.26282051282051283,-0.6891025641025641,0.3141025641025641,-0.8012820512820513,0.358974358974359,-0.9006410256410257,0.08974358974358974,-0.5416666666666666,0.15384615384615385,-0.7532051282051282,0.20512820512820512,-0.8846153846153846,0.2564102564102564,-1.0,-0.01282051282051282,-0.5384615384615384,0.035256410256410256,-0.7339743589743589,0.09294871794871795,-0.8557692307692307,0.14743589743589744,-0.9615384615384616,-0.11858974358974358,-0.5064102564102564,-0.10256410256410256,-0.6666666666666666,-0.060897435897435896,-0.7660256410256411,-0.003205128205128205,-0.8589743589743589,0.0,0.0,0.0,0.0,0.0,0.0,0.0,0.0,0.0,0.0,0.0,0.0,0.0,0.0,0.0,0.0,0.0,0.0,0.0,0.0,0.0,0.0,0.0,0.0,0.0,0.0,0.0,0.0,0.0,0.0,0.0,0.0,0.0,0.0,0.0,0.0,0.0,0.0,0.0,0.0,0.0,0.0
0,0.0,0.0,0.20257234726688103,-0.0707395498392283,0.3215434083601286,-0.2604501607717042,0.3890675241157556,-0.4115755627009646,0.4565916398713826,-0.5080385852090032,0.18971061093247588,-0.5016077170418006,0.2604501607717042,-0.6913183279742765,0.31189710610932475,-0.8038585209003215,0.35691318327974275,-0.9035369774919614,0.08681672025723473,-0.5401929260450161,0.15112540192926044,-0.752411575562701,0.20257234726688103,-0.8842443729903537,0.2540192926045016,-1.0,-0.012861736334405145,-0.5401929260450161,0.03536977491961415,-0.7363344051446945,0.0932475884244373,-0.8553054662379421,0.14790996784565916,-0.9614147909967846,-0.1189710610932476,-0.5048231511254019,-0.10289389067524116,-0.6655948553054662,-0.05787781350482315,-0.7684887459807074,0.0,-0.8585209003215434,0.0,0.0,0.0,0.0,0.0,0.0,0.0,0.0,0.0,0.0,0.0,0.0,0.0,0.0,0.0,0.0,0.0,0.0,0.0,0.0,0.0,0.0,0.0,0.0,0.0,0.0,0.0,0.0,0.0,0.0,0.0,0.0,0.0,0.0,0.0,0.0,0.0,0.0,0.0,0.0,0.0,0.0
0,0.0,0.0,0.20512820512820512,-0.07371794871794872,0.32051282051282054,-0.26282051282051283,0.38461538461538464,-0.41346153846153844,0.4519230769230769,-0.5096153846153846,0.1891025641025641,-0.5032051282051282,0.25961538461538464,-0.6891025641025641,0.3076923076923077,-0.8044871794871795,0.3525641025641026,-0.9038461538461539,0.08653846153846154,-0.5416666666666666,0.14743589743589744,-0.7532051282051282,0.20192307692307693,-0.8846153846153846,0.2532051282051282,-1.0,-0.01282051282051282,-0.5384615384615384,0.03205128205128205,-0.7339743589743589,0.08974358974358974,-0.8557692307692307,0.14423076923076922,-0.9615384615384616,-0.12179487179487179,-0.5032051282051282,-0.10576923076923077,-0.6666666666666666,-0.060897435897435896,-0.7660256410256411,-0.003205128205128205,-0.8589743589743589,0.0,0.0,0.0,0.0,0.0,0.0,0.0,0.0,0.0,0.0,0.0,0.0,0.0,0.0,0.0,0.0,0.0,0.0,0.0,0.0,0.0,0.0,0.0,0.0,0.0,0.0,0.0,0.0,0.0,0.0,0.0,0.0,0.0,0.0,0.0,0.0,0.0,0.0,0.0,0.0,0.0,0.0
0,0.0,0.0,0.2057877813504823,-0.07395498392282958,0.3215434083601286,-0.2604501607717042,0.3890675241157556,-0.4115755627009646,0.4565916398713826,-0.5112540192926045,0.18971061093247588,-0.5016077170418006,0.2604501607717042,-0.6913183279742765,0.31189710610932475,-0.8038585209003215,0.35691318327974275,-0.9035369774919614,0.08681672025723473,-0.5401929260450161,0.15112540192926044,-0.752411575562701,0.2057877813504823,-0.8842443729903537,0.2572347266881029,-1.0,-0.012861736334405145,-0.5369774919614148,0.03215434083601286,-0.7331189710610932,0.09003215434083602,-0.8553054662379421,0.14790996784565916,-0.9614147909967846,-0.12218649517684887,-0.5048231511254019,-0.10289389067524116,-0.6655948553054662,-0.06109324758842444,-0.7652733118971061,-0.003215434083601286,-0.8553054662379421,0.0,0.0,0.0,0.0,0.0,0.0,0.0,0.0,0.0,0.0,0.0,0.0,0.0,0.0,0.0,0.0,0.0,0.0,0.0,0.0,0.0,0.0,0.0,0.0,0.0,0.0,0.0,0.0,0.0,0.0,0.0,0.0,0.0,0.0,0.0,0.0,0.0,0.0,0.0,0.0,0.0,0.0
0,0.0,0.0,0.20766773162939298,-0.07348242811501597,0.3226837060702875,-0.26198083067092653,0.38977635782747605,-0.41214057507987223,0.46006389776357826,-0.5111821086261981,0.19169329073482427,-0.5047923322683706,0.26198083067092653,-0.6932907348242812,0.31309904153354634,-0.805111821086262,0.3610223642172524,-0.9041533546325878,0.0926517571884984,-0.5399361022364217,0.15335463258785942,-0.7507987220447284,0.20766773162939298,-0.8817891373801917,0.25878594249201275,-1.0,-0.009584664536741214,-0.536741214057508,0.038338658146964855,-0.731629392971246,0.0926517571884984,-0.853035143769968,0.1501597444089457,-0.9616613418530351,-0.1182108626198083,-0.5015974440894568,-0.09904153354632587,-0.6613418530351438,-0.054313099041533544,-0.7635782747603834,0.003194888178913738,-0.8562300319488818,0.0,0.0,0.0,0.0,0.0,0.0,0.0,0.0,0.0,0.0,0.0,0.0,0.0,0.0,0.0,0.0,0.0,0.0,0.0,0.0,0.0,0.0,0.0,0.0,0.0,0.0,0.0,0.0,0.0,0.0,0.0,0.0,0.0,0.0,0.0,0.0,0.0,0.0,0.0,0.0,0.0,0.0
0,0.0,0.0,0.20634920634920634,-0.07936507936507936,0.31746031746031744,-0.26666666666666666,0.38412698412698415,-0.4158730158730159,0.4507936507936508,-0.5111111111111111,0.18412698412698414,-0.5015873015873016,0.25396825396825395,-0.6888888888888889,0.3047619047619048,-0.8031746031746032,0.3492063492063492,-0.9015873015873016,0.08253968253968254,-0.5396825396825397,0.14603174603174604,-0.7492063492063492,0.2,-0.8825396825396825,0.2507936507936508,-1.0,-0.015873015873015872,-0.5365079365079365,0.031746031746031744,-0.7301587301587301,0.08888888888888889,-0.8507936507936508,0.14285714285714285,-0.9587301587301588,-0.12380952380952381,-0.4984126984126984,-0.10158730158730159,-0.6603174603174603,-0.06031746031746032,-0.7619047619047619,0.0,-0.8539682539682539,0.0,0.0,0.0,0.0,0.0,0.0,0.0,0.0,0.0,0.0,0.0,0.0,0.0,0.0,0.0,0.0,0.0,0.0,0.0,0.0,0.0,0.0,0.0,0.0,0.0,0.0,0.0,0.0,0.0,0.0,0.0,0.0,0.0,0.0,0.0,0.0,0.0,0.0,0.0,0.0,0.0,0.0
0,0.0,0.0,0.20253164556962025,-0.08227848101265822,0.31645569620253167,-0.2689873417721519,0.379746835443038,-0.4177215189873418,0.44936708860759494,-0.5158227848101266,0.18037974683544303,-0.5063291139240507,0.25316455696202533,-0.6930379746835443,0.3037974683544304,-0.8069620253164557,0.3512658227848101,-0.9050632911392406,0.07911392405063292,-0.5411392405063291,0.14556962025316456,-0.7531645569620253,0.19936708860759494,-0.8860759493670886,0.2468354430379747,-1.0,-0.022151898734177215,-0.5379746835443038,0.028481012658227847,-0.7341772151898734,0.08544303797468354,-0.8544303797468354,0.14240506329113925,-0.9620253164556962,-0.12974683544303797,-0.5,-0.10759493670886076,-0.6645569620253164,-0.06329113924050633,-0.7626582278481012,-0.0031645569620253164,-0.8544303797468354,0.0,0.0,0.0,0.0,0.0,0.0,0.0,0.0,0.0,0.0,0.0,0.0,0.0,0.0,0.0,0.0,0.0,0.0,0.0,0.0,0.0,0.0,0.0,0.0,0.0,0.0,0.0,0.0,0.0,0.0,0.0,0.0,0.0,0.0,0.0,0.0,0.0,0.0,0.0,0.0,0.0,0.0
0,0.0,0.0,0.2,-0.084375,0.309375,-0.271875,0.375,-0.41875,0.440625,-0.515625,0.178125,-0.50625,0.25,-0.69375,0.303125,-0.803125,0.35,-0.903125,0.078125,-0.540625,0.14375,-0.75,0.196875,-0.88125,0.246875,-1.0,-0.021875,-0.534375,0.028125,-0.73125,0.084375,-0.85,0.140625,-0.959375,-0.128125,-0.496875,-0.10625,-0.65625,-0.0625,-0.759375,-0.00625,-0.853125,0.0,0.0,0.0,0.0,0.0,0.0,0.0,0.0,0.0,0.0,0.0,0.0,0.0,0.0,0.0,0.0,0.0,0.0,0.0,0.0,0.0,0.0,0.0,0.0,0.0,0.0,0.0,0.0,0.0,0.0,0.0,0.0,0.0,0.0,0.0,0.0,0.0,0.0,0.0,0.0,0.0,0.0
0,0.0,0.0,0.20496894409937888,-0.08695652173913043,0.3167701863354037,-0.2732919254658385,0.38198757763975155,-0.4192546583850932,0.4472049689440994,-0.515527950310559,0.18012422360248448,-0.5062111801242236,0.2515527950310559,-0.6956521739130435,0.30434782608695654,-0.8074534161490683,0.35403726708074534,-0.906832298136646,0.08074534161490683,-0.5372670807453416,0.14596273291925466,-0.7484472049689441,0.20186335403726707,-0.8819875776397516,0.2515527950310559,-1.0,-0.018633540372670808,-0.531055900621118,0.031055900621118012,-0.7267080745341615,0.08695652173913043,-0.8509316770186336,0.13975155279503104,-0.9596273291925466,-0.12422360248447205,-0.4937888198757764,-0.10248447204968944,-0.65527950310559,-0.059006211180124224,-0.7577639751552795,-0.003105590062111801,-0.8509316770186336,0.0,0.0,0.0,0.0,0.0,0.0,0.0,0.0,0.0,0.0,0.0,0.0,0.0,0.0,0.0,0.0,0.0,0.0,0.0,0.0,0.0,0.0,0.0,0.0,0.0,0.0,0.0,0.0,0.0,0.0,0.0,0.0,0.0,0.0,0.0,0.0,0.0,0.0,0.0,0.0,0.0,0.0
0,0.0,0.0,0.19756838905775076,-0.0851063829787234,0.3069908814589666,-0.2735562310030395,0.3708206686930091,-0.4194528875379939,0.44376899696048633,-0.5197568389057751,0.1702127659574468,-0.49848024316109424,0.24012158054711247,-0.6930091185410334,0.2917933130699088,-0.8085106382978723,0.3404255319148936,-0.9088145896656535,0.06990881458966565,-0.5288753799392097,0.13069908814589665,-0.7446808510638298,0.182370820668693,-0.8814589665653495,0.23404255319148937,-1.0,-0.030395136778115502,-0.5197568389057751,0.015197568389057751,-0.7203647416413373,0.06990881458966565,-0.8449848024316109,0.1276595744680851,-0.9513677811550152,-0.1398176291793313,-0.48024316109422494,-0.12158054711246201,-0.6413373860182371,-0.07598784194528875,-0.7446808510638298,-0.015197568389057751,-0.8358662613981763,0.0,0.0,0.0,0.0,0.0,0.0,0.0,0.0,0.0,0.0,0.0,0.0,0.0,0.0,0.0,0.0,0.0,0.0,0.0,0.0,0.0,0.0,0.0,0.0,0.0,0.0,0.0,0.0,0.0,0.0,0.0,0.0,0.0,0.0,0.0,0.0,0.0,0.0,0.0,0.0,0.0,0.0
0,0.0,0.0,0.19186046511627908,-0.09883720930232558,0.2936046511627907,-0.2877906976744186,0.3546511627906977,-0.43023255813953487,0.4273255813953488,-0.5348837209302325,0.15406976744186046,-0.502906976744186,0.22093023255813954,-0.7005813953488372,0.2761627906976744,-0.8197674418604651,0.3226744186046512,-0.9215116279069767,0.055232558139534885,-0.5232558139534884,0.11627906976744186,-0.7412790697674418,0.1686046511627907,-0.877906976744186,0.22093023255813954,-1.0,-0.0436046511627907,-0.5116279069767442,0.0,-0.7122093023255814,0.055232558139534885,-0.8372093023255814,0.11046511627906977,-0.9505813953488372,-0.15406976744186046,-0.4680232558139535,-0.14244186046511628,-0.627906976744186,-0.10174418604651163,-0.7296511627906976,-0.046511627906976744,-0.8226744186046512,0.0,0.0,0.0,0.0,0.0,0.0,0.0,0.0,0.0,0.0,0.0,0.0,0.0,0.0,0.0,0.0,0.0,0.0,0.0,0.0,0.0,0.0,0.0,0.0,0.0,0.0,0.0,0.0,0.0,0.0,0.0,0.0,0.0,0.0,0.0,0.0,0.0,0.0,0.0,0.0,0.0,0.0
0,0.0,0.0,0.18055555555555555,-0.10277777777777777,0.275,-0.28888888888888886,0.33611111111111114,-0.425,0.4083333333333333,-0.525,0.13333333333333333,-0.5138888888888888,0.19722222222222222,-0.7138888888888889,0.25,-0.8277777777777777,0.3,-0.9305555555555556,0.03333333333333333,-0.5222222222222223,0.08888888888888889,-0.7388888888888889,0.1388888888888889,-0.8777777777777778,0.18888888888888888,-1.0,-0.06666666666666667,-0.49444444444444446,-0.03333333333333333,-0.6972222222222222,0.019444444444444445,-0.825,0.07777777777777778,-0.9361111111111111,-0.175,-0.43333333333333335,-0.17777777777777778,-0.5972222222222222,-0.1388888888888889,-0.7027777777777777,-0.08333333333333333,-0.7944444444444444,0.0,0.0,0.0,0.0,0.0,0.0,0.0,0.0,0.0,0.0,0.0,0.0,0.0,0.0,0.0,0.0,0.0,0.0,0.0,0.0,0.0,0.0,0.0,0.0,0.0,0.0,0.0,0.0,0.0,0.0,0.0,0.0,0.0,0.0,0.0,0.0,0.0,0.0,0.0,0.0,0.0,0.0
0,0.0,0.0,0.16094986807387862,-0.10554089709762533,0.24802110817941952,-0.287598944591029,0.3113456464379947,-0.43535620052770446,0.39577836411609496,-0.5382585751978892,0.11873350923482849,-0.5145118733509235,0.1741424802110818,-0.7176781002638523,0.22955145118733508,-0.8364116094986808,0.2849604221635884,-0.941952506596306,0.0158311345646438,-0.5197889182058048,0.06068601583113457,-0.7361477572559367,0.11081794195250659,-0.8759894459102903,0.1662269129287599,-1.0,-0.0870712401055409,-0.48021108179419525,-0.06860158311345646,-0.683377308707124,-0.026385224274406333,-0.8153034300791556,0.0316622691292876,-0.9234828496042217,-0.19788918205804748,-0.40369393139841686,-0.21372031662269128,-0.575197889182058,-0.1820580474934037,-0.6807387862796834,-0.12928759894459102,-0.7704485488126649,0.0,0.0,0.0,0.0,0.0,0.0,0.0,0.0,0.0,0.0,0.0,0.0,0.0,0.0,0.0,0.0,0.0,0.0,0.0,0.0,0.0,0.0,0.0,0.0,0.0,0.0,0.0,0.0,0.0,0.0,0.0,0.0,0.0,0.0,0.0,0.0,0.0,0.0,0.0,0.0,0.0,0.0
0,0.0,0.0,0.2136986301369863,-0.04657534246575343,0.36164383561643837,-0.21095890410958903,0.4657534246575342,-0.4,0.5616438356164384,-0.547945205479452,0.2273972602739726,-0.473972602739726,0.3013698630136986,-0.7068493150684931,0.36164383561643837,-0.8356164383561644,0.4191780821917808,-0.9506849315068493,0.09863013698630137,-0.4876712328767123,0.15616438356164383,-0.7232876712328767,0.20273972602739726,-0.8684931506849315,0.25753424657534246,-1.0,-0.03287671232876712,-0.4465753424657534,-0.0027397260273972603,-0.6438356164383562,0.0273972602739726,-0.7589041095890411,0.07671232876712329,-0.8657534246575342,-0.16986301369863013,-0.3698630136986301,-0.16986301369863013,-0.5150684931506849,-0.14246575342465753,-0.6,-0.10136986301369863,-0.6767123287671233,0.0,0.0,0.0,0.0,0.0,0.0,0.0,0.0,0.0,0.0,0.0,0.0,0.0,0.0,0.0,0.0,0.0,0.0,0.0,0.0,0.0,0.0,0.0,0.0,0.0,0.0,0.0,0.0,0.0,0.0,0.0,0.0,0.0,0.0,0.0,0.0,0.0,0.0,0.0,0.0,0.0,0.0
0,0.0,0.0,-0.22392638036809817,-0.012269938650306749,-0.37423312883435583,-0.19631901840490798,-0.46932515337423314,-0.3803680981595092,-0.5705521472392638,-0.5306748466257669,-0.2085889570552147,-0.42024539877300615,-0.2791411042944785,-0.656441717791411,-0.3220858895705521,-0.8006134969325154,-0.35276073619631904,-0.9233128834355828,-0.027607361963190184,-0.44171779141104295,-0.049079754601226995,-0.7085889570552147,-0.06134969325153374,-0.8742331288343558,-0.0705521472392638,-1.0,0.12576687116564417,-0.4049079754601227,0.13190184049079753,-0.6503067484662577,0.13803680981595093,-0.8006134969325154,0.1441717791411043,-0.9171779141104295,0.25766871165644173,-0.3282208588957055,0.3067484662576687,-0.5,0.34049079754601225,-0.6104294478527608,0.36503067484662577,-0.7055214723926381,0.0,0.0,0.0,0.0,0.0,0.0,0.0,0.0,0.0,0.0,0.0,0.0,0.0,0.0,0.0,0.0,0.0,0.0,0.0,0.0,0.0,0.0,0.0,0.0,0.0,0.0,0.0,0.0,0.0,0.0,0.0,0.0,0.0,0.0,0.0,0.0,0.0,0.0,0.0,0.0,0.0,0.0
0,0.0,0.0,0.0,0.0,0.0,0.0,0.0,0.0,0.0,0.0,0.0,0.0,0.0,0.0,0.0,0.0,0.0,0.0,0.0,0.0,0.0,0.0,0.0,0.0,0.0,0.0,0.0,0.0,0.0,0.0,0.0,0.0,0.0,0.0,0.0,0.0,0.0,0.0,0.0,0.0,0.0,0.0,0.9672447013487476,0.6676300578034682,0.8834296724470135,0.615606936416185,0.838150289017341,0.5481695568400771,0.8121387283236994,0.4913294797687861,0.7832369942196532,0.4527938342967245,0.8757225433526011,0.4836223506743738,0.8564547206165704,0.4161849710982659,0.846820809248555,0.37283236994219654,0.8371868978805395,0.33140655105973027,0.9171483622350675,0.4730250481695568,0.9065510597302505,0.4046242774566474,0.8998073217726397,0.35645472061657035,0.8940269749518305,0.3140655105973025,0.9576107899807321,0.47591522157996147,0.9508670520231214,0.4123314065510597,0.9441233140655106,0.3631984585741811,0.9364161849710982,0.3179190751445087,0.9990366088631984,0.4913294797687861,1.0,0.43641618497109824,0.9971098265895953,0.3988439306358382,0.9951830443159922,0.3622350674373796
0,0.0,0.0,0.0,0.0,0.0,0.0,0.0,0.0,0.0,0.0,0.0,0.0,0.0,0.0,0.0,0.0,0.0,0.0,0.0,0.0,0.0,0.0,0.0,0.0,0.0,0.0,0.0,0.0,0.0,0.0,0.0,0.0,0.0,0.0,0.0,0.0,0.0,0.0,0.0,0.0,0.0,0.0,0.9771598808341608,0.6295928500496525,0.8987090367428004,0.5829195630585898,0.8500496524329693,0.5263157894736842,0.8232373386295928,0.4756703078450844,0.8003972194637538,0.4339622641509434,0.8857994041708044,0.45084409136047665,0.8619662363455809,0.38828202581926513,0.846077457795432,0.35054617676266137,0.8331678252234359,0.3138033763654419,0.9225422045680238,0.43892750744786496,0.9066534260178749,0.36742800397219466,0.8937437934458788,0.3227408142999007,0.8808341608738828,0.2830188679245283,0.9592850049652433,0.4399205561072492,0.9463753723932473,0.3743793445878848,0.9344587884806356,0.3326713008937438,0.9205561072492552,0.29493545183714004,1.0,0.4538232373386296,0.9940417080436942,0.4011916583912612,0.9851042701092354,0.365441906653426,0.9751737835153923,0.3316782522343595
0,0.0,0.0,-0.21897810218978103,-0.021897810218978103,-0.3795620437956204,-0.14963503649635038,-0.4562043795620438,-0.29927007299270075,-0.5291970802919708,-0.4343065693430657,-0.23722627737226276,-0.40875912408759124,-0.3284671532846715,-0.6204379562043796,-0.38686131386861317,-0.7518248175182481,-0.4306569343065693,-0.8722627737226277,-0.10583941605839416,-0.45255474452554745,-0.17153284671532848,-0.6897810218978102,-0.21532846715328466,-0.8503649635036497,-0.25547445255474455,-0.9927007299270073,0.021897810218978103,-0.4489051094890511,-0.029197080291970802,-0.6751824817518248,-0.07664233576642336,-0.8175182481751825,-0.12408759124087591,-0.9452554744525548,0.15693430656934307,-0.4124087591240876,0.1386861313868613,-0.6021897810218978,0.10948905109489052,-0.7262773722627737,0.072992700729927,-0.8394160583941606,0.10218978102189781,0.16423357664233576,-0.1678832116788321,0.051094890510948905,-0.354014598540146,-0.12773722627737227,-0.4489051094890511,-0.3029197080291971,-0.5364963503649635,-0.4343065693430657,-0.23722627737226276,-0.40875912408759124,-0.32116788321167883,-0.6277372262773723,-0.3795620437956204,-0.7554744525547445,-0.42700729927007297,-0.8759124087591241,-0.10218978102189781,-0.45985401459854014,-0.17153284671532848,-0.7153284671532847,-0.22262773722627738,-0.8613138686131386,-0.26277372262773724,-1.0,0.025547445255474453,-0.4562043795620438,-0.025547445255474453,-0.7007299270072993,-0.07664233576642336,-0.843065693430657,-0.12408759124087591,-0.9708029197080292,0.1678832116788321,-0.41605839416058393,0.14233576642335766,-0.6094890510948905,0.10583941605839416,-0.7335766423357665,0.06569343065693431,-0.8467153284671532
0,0.0,0.0,0.0,0.0,0.0,0.0,0.0,0.0,0.0,0.0,0.0,0.0,0.0,0.0,0.0,0.0,0.0,0.0,0.0,0.0,0.0,0.0,0.0,0.0,0.0,0.0,0.0,0.0,0.0,0.0,0.0,0.0,0.0,0.0,0.0,0.0,0.0,0.0,0.0,0.0,0.0,0.0,0.9778002018163471,0.5832492431886983,0.9071644803229062,0.5610494450050454,0.856710393541877,0.5166498486377397,0.829465186680121,0.47124117053481335,0.8072653884964682,0.4339051463168517,0.8900100908173562,0.4389505549949546,0.8657921291624622,0.38042381432896066,0.8506559031281534,0.34510595358224017,0.8375378405650857,0.313824419778002,0.9253279515640767,0.42684157416750756,0.9071644803229062,0.35822401614530774,0.8950554994954592,0.31786074672048437,0.8839556004036327,0.28254288597376387,0.9616548940464178,0.425832492431887,0.9465186680121089,0.3622603430877901,0.934409687184662,0.3239152371342079,0.9212916246215943,0.2885973763874874,1.0,0.43592330978809285,0.9939455095862765,0.384460141271443,0.9858728557013118,0.3511604439959637,0.9757820383451059,0.31987891019172554
0,0.0,0.0,0.0,0.0,0.0,0.0,0.0,0.0,0.0,0.0,0.0,0.0,0.0,0.0,0.0,0.0,0.0,0.0,0.0,0.0,0.0,0.0,0.0,0.0,0.0,0.0,0.0,0.0,0.0,0.0,0.0,0.0,0.0,0.0,0.0,0.0,0.0,0.0,0.0,0.0,0.0,0.0,0.9739478957915831,0.5781563126252505,0.9018036072144289,0.5591182364729459,0.8527054108216433,0.5140280561122245,0.8276553106212425,0.46893787575150303,0.8056112224448898,0.4308617234468938,0.8867735470941884,0.4408817635270541,0.8627254509018036,0.3807615230460922,0.8476953907815631,0.343687374749499,0.8356713426853707,0.31162324649298595,0.9238476953907816,0.4278557114228457,0.905811623246493,0.35971943887775554,0.8937875751503006,0.3166332665330661,0.8827655310621243,0.27955911823647295,0.9599198396793587,0.4278557114228457,0.9448897795591182,0.36472945891783565,0.9328657314629258,0.32364729458917835,0.9208416833667334,0.28857715430861725,1.0,0.43687374749499,0.9949899799599199,0.3847695390781563,0.9869739478957916,0.35070140280561124,0.9769539078156313,0.3196392785571142
0,0.0,0.0,0.0,0.0,0.0,0.0,0.0,0.0,0.0,0.0,0.0,0.0,0.0,0.0,0.0,0.0,0.0,0.0,0.0,0.0,0.0,0.0,0.0,0.0,0.0,0.0,0.0,0.0,0.0,0.0,0.0,0.0,0.0,0.0,0.0,0.0,0.0,0.0,0.0,0.0,0.0,0.0,0.9580896686159844,0.5935672514619883,0.8859649122807017,0.571150097465887,0.8411306042884991,0.52046783625731,0.8196881091617934,0.47076023391812866,0.797270955165692,0.4317738791423002,0.8820662768031189,0.4502923976608187,0.854775828460039,0.38693957115009747,0.8391812865497076,0.3469785575048733,0.8265107212475633,0.31189083820662766,0.9200779727095516,0.4395711500974659,0.9005847953216374,0.3684210526315789,0.8888888888888888,0.3216374269005848,0.878167641325536,0.28362573099415206,0.9590643274853801,0.442495126705653,0.9444444444444444,0.3742690058479532,0.9327485380116959,0.3313840155945419,0.9220272904483431,0.2953216374269006,1.0,0.4571150097465887,0.9951267056530214,0.4015594541910331,0.9873294346978557,0.3654970760233918,0.9766081871345029,0.3333333333333333
0,0.0,0.0,0.20212765957446807,-0.06382978723404255,0.34308510638297873,-0.2393617021276596,0.42819148936170215,-0.4095744680851064,0.5319148936170213,-0.5319148936170213,0.2074468085106383,-0.47074468085106386,0.2526595744680851,-0.6835106382978723,0.28191489361702127,-0.8271276595744681,0.3058510638297872,-0.9468085106382979,0.061170212765957445,-0.48404255319148937,0.08244680851063829,-0.7101063829787234,0.10372340425531915,-0.8643617021276596,0.125,-1.0,-0.0797872340425532,-0.449468085106383,-0.06914893617021277,-0.6595744680851063,-0.05319148936170213,-0.8031914893617021,-0.031914893617021274,-0.9308510638297872,-0.2127659574468085,-0.3776595744680851,-0.22872340425531915,-0.5478723404255319,-0.23404255319148937,-0.6595744680851063,-0.23138297872340424,-0.7579787234042553,0.0,0.0,0.0,0.0,0.0,0.0,0.0,0.0,0.0,0.0,0.0,0.0,0.0,0.0,0.0,0.0,0.0,0.0,0.0,0.0,0.0,0.0,0.0,0.0,0.0,0.0,0.0,0.0,0.0,0.0,0.0,0.0,0.0,0.0,0.0,0.0,0.0,0.0,0.0,0.0,0.0,0.0
0,0.0,0.0,0.18110236220472442,-0.15485564304461943,0.2887139107611549,-0.3438320209973753,0.3543307086614173,-0.49606299212598426,0.4356955380577428,-0.6089238845144357,0.1679790026246719,-0.5564304461942258,0.2020997375328084,-0.7349081364829396,0.2335958005249344,-0.8530183727034121,0.26246719160104987,-0.963254593175853,0.05249343832020997,-0.5748031496062992,0.06299212598425197,-0.7611548556430446,0.08661417322834646,-0.8871391076115486,0.12335958005249344,-1.0,-0.05774278215223097,-0.5590551181102362,-0.05249343832020997,-0.7322834645669292,-0.026246719160104987,-0.863517060367454,0.010498687664041995,-0.9763779527559056,-0.17060367454068243,-0.5065616797900262,-0.17585301837270342,-0.6561679790026247,-0.17060367454068243,-0.7559055118110236,-0.15485564304461943,-0.8530183727034121,0.0,0.0,0.0,0.0,0.0,0.0,0.0,0.0,0.0,0.0,0.0,0.0,0.0,0.0,0.0,0.0,0.0,0.0,0.0,0.0,0.0,0.0,0.0,0.0,0.0,0.0,0.0,0.0,0.0,0.0,0.0,0.0,0.0,0.0,0.0,0.0,0.0,0.0,0.0,0.0,0.0,0.0
0,0.0,0.0,0.1983695652173913,-0.11956521739130435,0.30434782608695654,-0.3070652173913043,0.3641304347826087,-0.45652173913043476,0.4266304347826087,-0.5625,0.1793478260869565,-0.5380434782608695,0.21739130434782608,-0.720108695652174,0.2418478260869565,-0.8288043478260869,0.26358695652173914,-0.9293478260869565,0.07065217391304347,-0.5570652173913043,0.10054347826086957,-0.7554347826086957,0.12228260869565218,-0.8831521739130435,0.14673913043478262,-1.0,-0.035326086956521736,-0.532608695652174,-0.019021739130434784,-0.717391304347826,0.005434782608695652,-0.8342391304347826,0.035326086956521736,-0.9429347826086957,-0.14673913043478262,-0.4782608695652174,-0.15217391304347827,-0.6277173913043478,-0.14130434782608695,-0.7282608695652174,-0.12228260869565218,-0.8288043478260869,0.0,0.0,0.0,0.0,0.0,0.0,0.0,0.0,0.0,0.0,0.0,0.0,0.0,0.0,0.0,0.0,0.0,0.0,0.0,0.0,0.0,0.0,0.0,0.0,0.0,0.0,0.0,0.0,0.0,0.0,0.0,0.0,0.0,0.0,0.0,0.0,0.0,0.0,0.0,0.0,0.0,0.0
0,0.0,0.0,0.1988472622478386,-0.10662824207492795,0.31412103746397696,-0.2881844380403458,0.37752161383285304,-0.4495677233429395,0.4409221902017291,-0.5619596541786743,0.1930835734870317,-0.5244956772334294,0.2334293948126801,-0.7118155619596542,0.25360230547550433,-0.8242074927953891,0.27089337175792505,-0.9279538904899135,0.07492795389048991,-0.547550432276657,0.10662824207492795,-0.7550432276657061,0.12968299711815562,-0.8847262247838616,0.15273775216138327,-1.0,-0.0345821325648415,-0.5244956772334294,-0.023054755043227664,-0.7204610951008645,0.005763688760806916,-0.8414985590778098,0.037463976945244955,-0.9481268011527377,-0.14985590778097982,-0.4755043227665706,-0.15561959654178675,-0.6311239193083573,-0.14697406340057637,-0.7348703170028819,-0.12680115273775217,-0.8357348703170029,0.0,0.0,0.0,0.0,0.0,0.0,0.0,0.0,0.0,0.0,0.0,0.0,0.0,0.0,0.0,0.0,0.0,0.0,0.0,0.0,0.0,0.0,0.0,0.0,0.0,0.0,0.0,0.0,0.0,0.0,0.0,0.0,0.0,0.0,0.0,0.0,0.0,0.0,0.0,0.0,0.0,0.0
0,0.0,0.0,0.19825072886297376,-0.09912536443148688,0.3177842565597668,-0.282798833819242,0.3819241982507289,-0.44314868804664725,0.446064139941691,-0.5539358600583091,0.1924198250728863,-0.5160349854227405,0.23615160349854228,-0.7055393586005831,0.2565597667638484,-0.8192419825072886,0.27405247813411077,-0.924198250728863,0.07580174927113703,-0.5393586005830904,0.10787172011661808,-0.7463556851311953,0.13119533527696792,-0.8775510204081632,0.15743440233236153,-1.0,-0.03498542274052478,-0.5189504373177842,-0.02040816326530612,-0.7142857142857143,0.008746355685131196,-0.8367346938775511,0.037900874635568516,-0.9504373177842566,-0.15160349854227406,-0.47230320699708456,-0.15743440233236153,-0.6268221574344023,-0.14868804664723032,-0.7288629737609329,-0.1282798833819242,-0.8338192419825073,0.0,0.0,0.0,0.0,0.0,0.0,0.0,0.0,0.0,0.0,0.0,0.0,0.0,0.0,0.0,0.0,0.0,0.0,0.0,0.0,0.0,0.0,0.0,0.0,0.0,0.0,0.0,0.0,0.0,0.0,0.0,0.0,0.0,0.0,0.0,0.0,0.0,0.0,0.0,0.0,0.0,0.0
0,0.0,0.0,0.20116618075801748,-0.09620991253644315,0.3177842565597668,-0.27696793002915454,0.37900874635568516,-0.43731778425655976,0.44314868804664725,-0.5510204081632653,0.18658892128279883,-0.5131195335276968,0.23323615160349853,-0.7026239067055393,0.2565597667638484,-0.8192419825072886,0.27988338192419826,-0.924198250728863,0.0728862973760933,-0.5364431486880467,0.10495626822157435,-0.7405247813411079,0.13119533527696792,-0.8775510204081632,0.15451895043731778,-1.0,-0.04081632653061224,-0.5160349854227405,-0.02040816326530612,-0.7113702623906706,0.008746355685131196,-0.8367346938775511,0.04081632653061224,-0.9475218658892128,-0.15451895043731778,-0.46647230320699706,-0.15743440233236153,-0.6209912536443148,-0.1457725947521866,-0.7230320699708455,-0.1282798833819242,-0.8309037900874635,0.0,0.0,0.0,0.0,0.0,0.0,0.0,0.0,0.0,0.0,0.0,0.0,0.0,0.0,0.0,0.0,0.0,0.0,0.0,0.0,0.0,0.0,0.0,0.0,0.0,0.0,0.0,0.0,0.0,0.0,0.0,0.0,0.0,0.0,0.0,0.0,0.0,0.0,0.0,0.0,0.0,0.0
0,0.0,0.0,0.20116618075801748,-0.09620991253644315,0.3177842565597668,-0.27405247813411077,0.3848396501457726,-0.4314868804664723,0.446064139941691,-0.5422740524781341,0.1836734693877551,-0.5072886297376094,0.2303206997084548,-0.6967930029154519,0.2565597667638484,-0.8134110787172012,0.282798833819242,-0.9183673469387755,0.06997084548104957,-0.5306122448979592,0.10204081632653061,-0.7405247813411079,0.1282798833819242,-0.8775510204081632,0.15160349854227406,-1.0,-0.04081632653061224,-0.5131195335276968,-0.023323615160349854,-0.7084548104956269,0.0058309037900874635,-0.8338192419825073,0.037900874635568516,-0.9475218658892128,-0.15451895043731778,-0.46355685131195334,-0.16034985422740525,-0.6209912536443148,-0.14868804664723032,-0.7230320699708455,-0.13119533527696792,-0.8279883381924198,0.0,0.0,0.0,0.0,0.0,0.0,0.0,0.0,0.0,0.0,0.0,0.0,0.0,0.0,0.0,0.0,0.0,0.0,0.0,0.0,0.0,0.0,0.0,0.0,0.0,0.0,0.0,0.0,0.0,0.0,0.0,0.0,0.0,0.0,0.0,0.0,0.0,0.0,0.0,0.0,0.0,0.0
0,0.0,0.0,0.19883040935672514,-0.0935672514619883,0.31871345029239767,-0.27485380116959063,0.3830409356725146,-0.4298245614035088,0.4444444444444444,-0.543859649122807,0.18421052631578946,-0.5087719298245614,0.2309941520467836,-0.6988304093567251,0.2573099415204678,-0.8157894736842105,0.2777777777777778,-0.9210526315789473,0.06725146198830409,-0.5292397660818714,0.1023391812865497,-0.7397660818713451,0.1286549707602339,-0.8771929824561403,0.15204678362573099,-1.0,-0.04093567251461988,-0.5116959064327485,-0.02631578947368421,-0.7076023391812866,0.0029239766081871343,-0.8304093567251462,0.03508771929824561,-0.9444444444444444,-0.15789473684210525,-0.4649122807017544,-0.16374269005847952,-0.6198830409356725,-0.14912280701754385,-0.7251461988304093,-0.1286549707602339,-0.827485380116959,0.0,0.0,0.0,0.0,0.0,0.0,0.0,0.0,0.0,0.0,0.0,0.0,0.0,0.0,0.0,0.0,0.0,0.0,0.0,0.0,0.0,0.0,0.0,0.0,0.0,0.0,0.0,0.0,0.0,0.0,0.0,0.0,0.0,0.0,0.0,0.0,0.0,0.0,0.0,0.0,0.0,0.0
0,0.0,0.0,0.19825072886297376,-0.09329446064139942,0.31486880466472306,-0.27113702623906705,0.3819241982507289,-0.42857142857142855,0.44314868804664725,-0.5422740524781341,0.1836734693877551,-0.5072886297376094,0.2303206997084548,-0.6967930029154519,0.2565597667638484,-0.8134110787172012,0.27988338192419826,-0.9183673469387755,0.06997084548104957,-0.5306122448979592,0.09912536443148688,-0.7376093294460642,0.12536443148688048,-0.8775510204081632,0.14868804664723032,-1.0,-0.04081632653061224,-0.5131195335276968,-0.026239067055393587,-0.7055393586005831,0.0029154518950437317,-0.8309037900874635,0.03498542274052478,-0.9416909620991254,-0.15451895043731778,-0.46355685131195334,-0.16034985422740525,-0.6180758017492711,-0.14868804664723032,-0.7230320699708455,-0.1282798833819242,-0.8250728862973761,0.0,0.0,0.0,0.0,0.0,0.0,0.0,0.0,0.0,0.0,0.0,0.0,0.0,0.0,0.0,0.0,0.0,0.0,0.0,0.0,0.0,0.0,0.0,0.0,0.0,0.0,0.0,0.0,0.0,0.0,0.0,0.0,0.0,0.0,0.0,0.0,0.0,0.0,0.0,0.0,0.0,0.0
0,0.0,0.0,0.20175438596491227,-0.0935672514619883,0.31871345029239767,-0.2719298245614035,0.3830409356725146,-0.4298245614035088,0.4444444444444444,-0.543859649122807,0.18421052631578946,-0.5087719298245614,0.2309941520467836,-0.6988304093567251,0.2573099415204678,-0.8157894736842105,0.2807017543859649,-0.9210526315789473,0.07017543859649122,-0.5321637426900585,0.1023391812865497,-0.7397660818713451,0.1286549707602339,-0.8771929824561403,0.15204678362573099,-1.0,-0.04093567251461988,-0.5116959064327485,-0.023391812865497075,-0.7076023391812866,0.005847953216374269,-0.8304093567251462,0.038011695906432746,-0.9444444444444444,-0.15497076023391812,-0.4619883040935672,-0.1608187134502924,-0.6169590643274854,-0.14912280701754385,-0.7222222222222222,-0.12573099415204678,-0.827485380116959,0.0,0.0,0.0,0.0,0.0,0.0,0.0,0.0,0.0,0.0,0.0,0.0,0.0,0.0,0.0,0.0,0.0,0.0,0.0,0.0,0.0,0.0,0.0,0.0,0.0,0.0,0.0,0.0,0.0,0.0,0.0,0.0,0.0,0.0,0.0,0.0,0.0,0.0,0.0,0.0,0.0,0.0
0,0.0,0.0,0.1994219653179191,-0.0953757225433526,0.3179190751445087,-0.27167630057803466,0.38439306358381503,-0.4277456647398844,0.4479768786127168,-0.546242774566474,0.18786127167630057,-0.5086705202312138,0.23121387283236994,-0.6965317919075145,0.2543352601156069,-0.815028901734104,0.2745664739884393,-0.9219653179190751,0.07225433526011561,-0.5289017341040463,0.10404624277456648,-0.7369942196531792,0.13005780346820808,-0.8757225433526011,0.1531791907514451,-1.0,-0.04046242774566474,-0.5057803468208093,-0.028901734104046242,-0.7023121387283237,0.002890173410404624,-0.8294797687861272,0.03468208092485549,-0.9421965317919075,-0.15895953757225434,-0.45375722543352603,-0.16184971098265896,-0.6127167630057804,-0.15028901734104047,-0.7167630057803468,-0.13005780346820808,-0.8208092485549133,0.0,0.0,0.0,0.0,0.0,0.0,0.0,0.0,0.0,0.0,0.0,0.0,0.0,0.0,0.0,0.0,0.0,0.0,0.0,0.0,0.0,0.0,0.0,0.0,0.0,0.0,0.0,0.0,0.0,0.0,0.0,0.0,0.0,0.0,0.0,0.0,0.0,0.0,0.0,0.0,0.0,0.0
0,0.0,0.0,0.19714285714285715,-0.1,0.30857142857142855,-0.2742857142857143,0.3742857142857143,-0.43142857142857144,0.43714285714285717,-0.5485714285714286,0.18285714285714286,-0.5142857142857142,0.22285714285714286,-0.7028571428571428,0.24285714285714285,-0.82,0.26,-0.9257142857142857,0.06857142857142857,-0.5314285714285715,0.09714285714285714,-0.74,0.11714285714285715,-0.8771428571428571,0.14,-1.0,-0.045714285714285714,-0.5085714285714286,-0.037142857142857144,-0.7028571428571428,-0.008571428571428572,-0.8285714285714286,0.022857142857142857,-0.9428571428571428,-0.1657142857142857,-0.4514285714285714,-0.17142857142857143,-0.6114285714285714,-0.16285714285714287,-0.7142857142857143,-0.1457142857142857,-0.8228571428571428,0.0,0.0,0.0,0.0,0.0,0.0,0.0,0.0,0.0,0.0,0.0,0.0,0.0,0.0,0.0,0.0,0.0,0.0,0.0,0.0,0.0,0.0,0.0,0.0,0.0,0.0,0.0,0.0,0.0,0.0,0.0,0.0,0.0,0.0,0.0,0.0,0.0,0.0,0.0,0.0,0.0,0.0
0,0.0,0.0,0.19714285714285715,-0.10285714285714286,0.30857142857142855,-0.27714285714285714,0.37142857142857144,-0.43142857142857144,0.43714285714285717,-0.5485714285714286,0.17714285714285713,-0.5114285714285715,0.21428571428571427,-0.7028571428571428,0.23714285714285716,-0.82,0.2542857142857143,-0.9285714285714286,0.06,-0.5314285714285715,0.08571428571428572,-0.7371428571428571,0.10857142857142857,-0.8742857142857143,0.13142857142857142,-1.0,-0.054285714285714284,-0.5057142857142857,-0.045714285714285714,-0.6971428571428572,-0.017142857142857144,-0.8228571428571428,0.014285714285714285,-0.94,-0.17142857142857143,-0.4514285714285714,-0.18,-0.6085714285714285,-0.17142857142857143,-0.7114285714285714,-0.15714285714285714,-0.8171428571428572,0.0,0.0,0.0,0.0,0.0,0.0,0.0,0.0,0.0,0.0,0.0,0.0,0.0,0.0,0.0,0.0,0.0,0.0,0.0,0.0,0.0,0.0,0.0,0.0,0.0,0.0,0.0,0.0,0.0,0.0,0.0,0.0,0.0,0.0,0.0,0.0,0.0,0.0,0.0,0.0,0.0,0.0
0,0.0,0.0,0.19607843137254902,-0.10364145658263306,0.30532212885154064,-0.2773109243697479,0.3641456582633053,-0.42857142857142855,0.42857142857142855,-0.5406162464985994,0.16526610644257703,-0.5070028011204482,0.20728291316526612,-0.6974789915966386,0.22969187675070027,-0.8151260504201681,0.24929971988795518,-0.9215686274509803,0.05322128851540616,-0.5238095238095238,0.0784313725490196,-0.7338935574229691,0.10084033613445378,-0.8739495798319328,0.12044817927170869,-1.0,-0.056022408963585436,-0.5014005602240896,-0.047619047619047616,-0.6946778711484594,-0.0196078431372549,-0.8207282913165266,0.011204481792717087,-0.9355742296918768,-0.16806722689075632,-0.44537815126050423,-0.18207282913165265,-0.5994397759103641,-0.17366946778711484,-0.7002801120448179,-0.1568627450980392,-0.803921568627451,0.0,0.0,0.0,0.0,0.0,0.0,0.0,0.0,0.0,0.0,0.0,0.0,0.0,0.0,0.0,0.0,0.0,0.0,0.0,0.0,0.0,0.0,0.0,0.0,0.0,0.0,0.0,0.0,0.0,0.0,0.0,0.0,0.0,0.0,0.0,0.0,0.0,0.0,0.0,0.0,0.0,0.0
0,0.0,0.0,0.1928374655647383,-0.10192837465564739,0.30578512396694213,-0.27823691460055094,0.3691460055096419,-0.4297520661157025,0.42699724517906334,-0.5454545454545454,0.17079889807162535,-0.512396694214876,0.209366391184573,-0.7024793388429752,0.23415977961432508,-0.8209366391184573,0.2534435261707989,-0.9256198347107438,0.05509641873278237,-0.5289256198347108,0.08264462809917356,-0.7382920110192838,0.1046831955922865,-0.8760330578512396,0.12672176308539945,-1.0,-0.05509641873278237,-0.5041322314049587,-0.0440771349862259,-0.699724517906336,-0.01652892561983471,-0.8264462809917356,0.013774104683195593,-0.9393939393939394,-0.17079889807162535,-0.4462809917355372,-0.18181818181818182,-0.6033057851239669,-0.17355371900826447,-0.7052341597796143,-0.15702479338842976,-0.8071625344352618,0.0,0.0,0.0,0.0,0.0,0.0,0.0,0.0,0.0,0.0,0.0,0.0,0.0,0.0,0.0,0.0,0.0,0.0,0.0,0.0,0.0,0.0,0.0,0.0,0.0,0.0,0.0,0.0,0.0,0.0,0.0,0.0,0.0,0.0,0.0,0.0,0.0,0.0,0.0,0.0,0.0,0.0
0,0.0,0.0,0.18586387434554974,-0.10209424083769633,0.2879581151832461,-0.28534031413612565,0.3481675392670157,-0.4319371727748691,0.41361256544502617,-0.5497382198952879,0.1544502617801047,-0.5157068062827225,0.19633507853403143,-0.7120418848167539,0.22774869109947643,-0.8324607329842932,0.2513089005235602,-0.9397905759162304,0.03926701570680628,-0.5287958115183246,0.07068062827225131,-0.7382198952879581,0.0968586387434555,-0.8769633507853403,0.12303664921465969,-1.0,-0.07329842931937172,-0.5026178010471204,-0.060209424083769635,-0.6963350785340314,-0.028795811518324606,-0.8219895287958116,0.005235602094240838,-0.93717277486911,-0.19109947643979058,-0.4424083769633508,-0.20157068062827224,-0.5968586387434555,-0.18848167539267016,-0.6989528795811518,-0.17015706806282724,-0.7958115183246073,0.0,0.0,0.0,0.0,0.0,0.0,0.0,0.0,0.0,0.0,0.0,0.0,0.0,0.0,0.0,0.0,0.0,0.0,0.0,0.0,0.0,0.0,0.0,0.0,0.0,0.0,0.0,0.0,0.0,0.0,0.0,0.0,0.0,0.0,0.0,0.0,0.0,0.0,0.0,0.0,0.0,0.0
0,0.0,0.0,0.18840579710144928,-0.06763285024154589,0.3140096618357488,-0.2318840579710145,0.391304347826087,-0.4033816425120773,0.47342995169082125,-0.5265700483091788,0.1956521739130435,-0.46859903381642515,0.2463768115942029,-0.6932367149758454,0.2777777777777778,-0.821256038647343,0.30676328502415456,-0.9396135265700483,0.06038647342995169,-0.4855072463768116,0.0966183574879227,-0.7198067632850241,0.12560386473429952,-0.8695652173913043,0.1570048309178744,-1.0,-0.06521739130434782,-0.45410628019323673,-0.043478260869565216,-0.6618357487922706,-0.021739130434782608,-0.7922705314009661,0.004830917874396135,-0.8961352657004831,-0.1859903381642512,-0.3888888888888889,-0.18840579710144928,-0.5603864734299517,-0.18357487922705315,-0.6594202898550725,-0.17149758454106281,-0.7439613526570048,0.0,0.0,0.0,0.0,0.0,0.0,0.0,0.0,0.0,0.0,0.0,0.0,0.0,0.0,0.0,0.0,0.0,0.0,0.0,0.0,0.0,0.0,0.0,0.0,0.0,0.0,0.0,0.0,0.0,0.0,0.0,0.0,0.0,0.0,0.0,0.0,0.0,0.0,0.0,0.0,0.0,0.0
0,0.0,0.0,0.3102189781021898,0.0072992700729927005,0.5656934306569343,-0.032846715328467155,0.7591240875912408,-0.0948905109489051,0.9124087591240876,-0.20802919708029197,0.38686131386861317,-0.34306569343065696,0.48175182481751827,-0.6058394160583942,0.5218978102189781,-0.7883211678832117,0.5437956204379562,-0.9416058394160584,0.11678832116788321,-0.3905109489051095,0.16423357664233576,-0.6496350364963503,0.20072992700729927,-0.8321167883211679,0.22992700729927007,-1.0,-0.14233576642335766,-0.3357664233576642,-0.12408759124087591,-0.5036496350364964,-0.08029197080291971,-0.6240875912408759,-0.040145985401459854,-0.7518248175182481,-0.33941605839416056,-0.2116788321167883,-0.38321167883211676,-0.2956204379562044,-0.3686131386861314,-0.3248175182481752,-0.36496350364963503,-0.3686131386861314,0.0,0.0,0.0,0.0,0.0,0.0,0.0,0.0,0.0,0.0,0.0,0.0,0.0,0.0,0.0,0.0,0.0,0.0,0.0,0.0,0.0,0.0,0.0,0.0,0.0,0.0,0.0,0.0,0.0,0.0,0.0,0.0,0.0,0.0,0.0,0.0,0.0,0.0,0.0,0.0,0.0,0.0
